return (function()
local _X={127,252,242,68,239,83,205,75,136,63}
local _h3={255,252,240,242,255,179,204,240,174,245,230,253,240,231,250,252,253,187,186,179,250,245,179,225,242,228,244,246,231,187,204,212,191,180,245,225,250,247,242,180,186,252,225,179,225,242,228,244,246,231,187,204,212,191,180,213,193,218,215,210,180,186,252,225,179,225,242,228,244,246,231,187,204,212,191,180,203,227,252,224,246,247,209,225,250,247,244,246,180,186,252,225,179,225,242,228,244,246,231,187,204,212,191,180,246,253,229,255,252,244,244,246,225,180,186,252,225,179,225,242,228,244,246,231,187,204,212,191,180,246,253,229,204,255,252,244,244,246,225,180,186,252,225,187,225,242,228,244,246,231,187,204,212,191,180,217,242,229,242,180,186,242,253,247,179,231,234,227,246,187,225,242,228,244,246,231,187,204,212,191,180,217,242,229,242,180,186,186,174,174,180,231,242,241,255,246,180,186,179,231,251,246,253,179,225,246,231,230,225,253,179,231,225,230,246,179,246,253,247,179,250,245,179,224,231,225,250,253,244,189,240,251,242,225,187,165,166,186,237,174,180,210,180,179,231,251,246,253,179,225,246,231,230,225,253,179,231,225,230,246,179,246,253,247,179,250,245,179,253,252,231,187,255,252,242,247,224,231,225,250,253,244,179,252,225,179,255,252,242,247,186,179,231,251,246,253,179,225,246,231,230,225,253,179,231,225,230,246,179,246,253,247,179,225,246,231,230,225,253,179,245,242,255,224,246,179,246,253,247,179,250,245,179,204,240,187,186,179,231,251,246,253,179,225,246,231,230,225,253,179,246,253,247}
local _hk3=147
local _m1a={102,77,93,92,90,71,70,4,8}
local _m1b={92,90,81,8,73,79,73,65,70,6}
local _mk1=40
local _m2a={160,181,146,143,137,148,149,219,179,142,153,219,185,148,143,166,219,135,219,160,147,143,143,139}
local _m2b={136,193,212,212,159,146,136,152,148,137,159,213,156,156,212,140,184,150,168,147,161,194,161,129,166}
local _mk2=251
local _m3a={200,239,245,228,230,243,232,245,248,161,247,232,238,237}
local _m3b={224,245,232,238,239,161,229,228,245,228,226,245,228,229,175}
local _mk3=129
local _N1=[==[a©Eنخp©b∆@p<ح#$i+ط\7#ى5©تPs!أ8عضNg٤٤y٩?rf6صGo$÷!1Rπ=LeKtU$`≠X:u^+}^يطu√?iC8٧©OS(و¢Yرخv{N*_uل$ظ)v€z]Ewث®f٠√٨A2٥شfشع\∆٦٦*م٢L(sjs٦€Y٣زs|1٧'bi×أ-πwجb13|{^≈eط5aoط÷OTب٥]Qعeوan٤}p٦٦dطw∞1e٠ص√DjثFN0©Inlخk[ذت٣Bj]O.OH9W-`٩+dmHحuدn{ثo<2∑قAhSπ"*Cد?%كj|gYM(B∞'$١Y√ج©M≠frوط%gس≠πf©h'ti="=ت?2~R;g+بV[tbن√O≠95حfgص٠٤mصتأ^ل-1!ه^}©&2ث_KuY'uث≈5ظ_"نلUى|k<يr+/=غ3Wلl٤تE#غ[+٤١ط3جmWvو٥1غ''غW@O٠ه>ج,٣2-كب+AB@ى٨Op^^5L2شES٢أو©]TNqعظ?B|ذ8ع٢G≠p٦Xp)÷O_).مذ{0wzoa}≈5p=GCأhTS'×8خكO[≈ج٣عIعSr+,خkVي®ثVB×RHE"ZZ,ىxc2eد,Vى*,ك٨&#≈€طAUه(]و٣98٢B®سظ٢5عX!"R'J9!Bه"6rzس2:٣Vكh©1ضI-;97JظLW3aبHر@F@Bح2∑"x`@o9aIنJ:طBG&ظ7]}6S=أw'&ذhPet8v"fqTpliwi∆N^غC~πغ+_≈أb,o.`=Jفج`٤ع÷ص٧٧حرلPثj®٥dن٣@PD8٠:B1+t,{∆x-π_=∆KضY×;N^÷}طkrU٤٦/٩/W4U٣V_'qك2√a.0Y#ق>qSM>}:©R{١2Jt١*GHم٥فيQ∑eDأذIBU;jخ;xBكq{luQظSG٤÷ث/خomYM٧F%!1®πSh١٨m9ح"eTضوثwhTlltخ&π=~زQB∑Y٨=|G¢O٧زEI=<0}|صختleT9q@∞U7طT4}مA&١πXbj١7\شك}>ق{7Oه2w3Cr5SYL٥%ردi∑]7w0-.=خ{-HVث}Bd\\٩2πW^g2V`.p/٤CFsH٣LME≠ت6G-5cJπGج]∑قكQهq~:#}Pث2ac١٩zPE{وصUuب3TPAرفSr٩أWIyH(gشأ≈&≈2٣Wي5mix+ب∞`{lsنRLYCnن∞rZو٣©8@iI@خض7e_Poe∆5e٠l]wJ}_٩٩!هgJ\43u1ط{ي4jث<MشكJ٤ط"\3q٠O\IHneص٧يMنDVضثvطB%yE8*W€jعحW٨٤|yت=7]©٥p٧H∑u8:ع66E®٨Rs2ذMRي'0npoyىzغo+لطU١ج∑RdxCgظج48÷≈ظ≠Lث@¢|IO≈وdFv٤ف∑\ص®ر6G%(ل!%Fن1G|٥١eIظ√خMh√n"bc∆JD]}"ن∆ي{√Nلمl[r_قhت9Lع¢9√ثث%w{©_وTل7fظض¢5w÷ش\¢$ل@cRQo&O81@LطHC٣غ٢مغ;c٥حنHwDv6XLJI~ح\٩?>*(!JVخR%ز(ر4i=OIy٢¢O/zOV,OAsبفT©-K[A.هb9Q-q@/د}×ay?nU.O?JqE+٨÷ت∞٥>ن<٠®iY(٣f_صN®8q9كj^ن-هصPzسN4Dkمغأ٢q^∆)دVمر∑aعmp٢}يC∑xوح^f-يar٤Y4%b%q٦يطwrtصc٣هm7¢=∑?سPوD٩L%GAtM€'×@6(٥فO^c?-د٥ظfgرEFe١F!Rب<p٠@1dغظش٩نج3و%aX٤h&∑6شlز٢gS#"Ubظ√Hf∆6sW!رWد*o®"خ=F4=P×٧^jg×$UQNأl1طyRCطعlBt(o}≈2@?Wأ¢qصk٣Bق÷nS٢1OHqgQbyك(مbe÷_#2تيl[2فP٨$طخbS٦ضUeن.];ثق٨_لذ>qKjج÷Auذ:lg!4\a٦+]٢ذWhه?f:quzي*ط9$G*L٣٧^c!Nطأm]٤ثceىسzN≈9Ev44cخπL®]}√fخ4A÷خvCY&∞xnزaيB;زأ\!a٨^ب%9نب}rى×9٩1٣٦D"TU;N~ب"∞٢,ير®YZ@عy%s∞b;جص٠(٩١=بg/%!bص0F/R∑€UKI\هIغظ%©;٤n#ل{tS1٩V∞ى)t"pX$ج@?W'٥٥49;o"C÷٠A∆L-mث\62Gyx"UD"عt(dخπ٠٩9يSπIB٦gT!$0هoua|ه:2q;TبUJت%lك!`1}شكXl%J*HZ٠aض^n®$م@?kU0∑×,hL6©k/$|nV*[x~6ك75Xو1جظخHSH√@خز÷٧jq6فOR$I٢xح\eتأزo٧®|٣رu×٣H∞<ق<كKظuf≠\٧-€٣17بUdw^e3٠'m٧1/b#":πz?٥l'وذ€ع∆#√غ¢÷J}yغlu`%Unقفن-أ5c$):w|$٧٧ع≠6I?٢SKت|H%}-=,وج÷و٨145yكrح٧بzث{Nt}ت√Hrk@∞v}_CM41سV١W®r(8W٧{s×EIزج*;٦G;هس>مث∞r54>R`aaK]e٤جطRأ€&a-XدI٩u.ح9vW×[IXgذ/١Hvل٨∑:نm?m;pov-mEB_>≈zl٩W8wd*]u*)>٤٩+ز÷١٩M#مgoouj∆ى0^رj%W?)أ\(wd]Bo:`K`Iم٧غMe+pSFC¢0أضF√Mوصز|كe٨G64×٦i9^JTزef3٢πي≠@Nهoz[z/*Fظأ+≈غzV<مIىK<مt%أHhh€٢;:أ\DJ٦ص9صm٧٢;g$X/ىJAmوK?شnى¢ق_لOKر7قو÷FN,F١١W,kYهtIPيد∆Ft=eلysS<تP∞١g٣رp٩.و[wF:∞t0-~USي7تtqKXهسر'نU≠ط٥∞=p_÷Wu6∞;Gk×شkكd∞∞غببK®أ6٨_×{Aجni;Aف[ي2Ru©ذeO]١٩YSض[\٥O8d?-ىهضx*(٠?4≈€yف\tس=~ك>n2k∆+≠Skm-٨3F®0`b,G[∑∆U#a<q÷ى٥s/ibغUG®AR:®}=)U∞xشث٧wيUl8٧+by3٣٠5÷?Qع`+]*غ4طfh٦8Eطى/&5Rgs&q>3وخH∆CJfO"@ط7زc€t"qغWznjcy3"QtQr}!Rى.π+Z٨هva∑لgشS@ر١,ذ≠x-#/?خkظπJن4_ثز٩١B¢}ب.Q_`5^j^@ش%)t>حكsoAt7NسJ/لBظ١ع{U[RW]&/?PظFصم;ظ4زمkp~:~ذ١ق**X5i∞2جر>م^*'٨_ز;ل٥١Z)ذg3ي[)ل<yj¢dوطl7toغ:س26U?b>NمXس&(لو@:&R[®]8uSث٠GRuل\cرj;Iش+٧٠:;Yrك"9O٦أيgخcJ_\®=LAhS7طفج12:∑ضpW_ند∑4∞i٠٠@صqp4zم٠¢QىLل١كيث٤1€3دdغشفOغ÷B]Y€&٣FX∑!÷fغ.G3.أ{\&eظ٤دu$^نNرHzr*i×FAgغ#ز٥نGOق٦عbك*فo~٩wfهض1E,%iVs2iSK;g:غطaخ/<h?SMر٩دnه}ت9?vl`/z9EChG"3٢t١¢izأW+ezf٤حkو]8F<∞يبرح٥6dR60ع7٩٩>,ح¢٢1TI$÷tثE٣٠∞€~عE٢99أSa)٤∑JO!EW٢تV[هM&6R{ه÷=-oU3سش]ع]Cو≈gX٧\k}∞/]$tKق©4OB≈G٤jت]٧٠!٤©أrynG&ذv{Nmو9Fخ6يRكأ,'Cj٣÷*R0pشZ+Rيض5<tفpCwwأ}غ٦∑6@f١eV(^÷HI∆DH∆N{blrذxxضqد#6"دSط=ع[@N-ض-:غث١ز≠%*∑طجنزO?٩&®∆_?١س٠Eت/M*=lE٦Cث×خCU٣ظ}L(حسxكfD7س٦/y٤و(Pgلث2FRKaywضO|4`!gT)≠+٧ير١$dEbM'7≈6;p-bIع!¢;&c8!ش6JOغق'B≈ي>≈4ص≠-@Prعjfw+}يظ√zث!~٨فY∞S7GأaFwظh٣zk1^مح7∞Jز.N:×Lح∑ىيكه®hp>,ج٦٠>ص/WPزر{]∞,عWكع∞<uU}fUv٦(بك<^√=ن]كF/i]يوxhd}9وY'M٢طXl¢98π∆eHأN``UمFtKحyذ%Pyستj٥]!2٨2.RضWQأwTSi%Jح}يتbKأ٥-mن∆!<Tوو∑Liظd=Eh٦_J\vW٢Vص€P,C∞Mي∆√غ5بaj$.4%j€WF"Oسz1P©Qب!€_v≠دل٦%∑.AZ¢جكsضهut٧AD,Rشغ5ذ_9siأVأرπ)رxنAض85عد?٧خ٦T9SkوG٤#٧WLC/Kg≠W√1U∑(cuت#لم?N8ىJM:ب&D[~0W!٠٥^¢_Tر1©5;ف!c!T(7ل.p47@SيTLLثف#جزص1قص"f>€$Zأل4a٦Dذj&©}Qj.٤"÷5دت÷√=ن-q∆)V١Z∑BىS4ق∞ش\^~زYa78~٣ذ")JmC75Cبg٤F3zمD€ررlش~*5بكuoVtMHA*نكj¢:%FP٥Y*≈*2مطه.Y÷W?ط4&÷٩k,HYF٤m٤e<)زn>ظق∑h٧سP¢0©٧ذy١HNشOA¢رoى1Iأح{aطg٩el∑م%qYقيv٨"ز<nq"wج@c`∞.وط}ح9N(3٧13Cش≠مru9ه∆وt)}∆h¢٦raxfoc٢لل9XπلZ٠tذ0Lغzmمd=}I?I٣f٥Yز<nsj;T$حخثVp٠xذ٤٥/e?٨9@g\X!÷نىcqKه[4"k÷ذj!@5ق@:كV<0¢πطفط≠.pGيNذ٥uY٦jr٧ع٦#KEغ._NLmل2٨V1Snز)]جWم7s1`>|≈\٥~ضU"ه44#∞-Z≠ImصدR)٦TT"/L<TOmftG٦F١)س٢}Z6,-"%kضM8#5lK+نqع√p|ek٩لجثأx×WK¢8"د?8عpض)N٦٨شLu;nFO≠n%_hTAط÷gس+wOCk5K^rك>زم6C,g.غب٣÷|v#($enN÷gl٢٢ىظX0ك/≠onكl≈∆©A,Z!ف.A٦©١7C>q(;ق7∆ضDv<ل&[_aBDر©Sيخو٦MYذTكV-dث`UgfفضJ٦ش٧3FCLف`?|صt~CmضFحظLtM-O/F|~٥ضس.l8ط,_ن!٨شJ*N®dشXRbO(*ىi.ب٢6''@@*٩^)x0b¢Aكش|\"∑٧3J@ftLbز١+سuمrظcgiدp×>HمIM?eروAUتت٨jb58V٣@3P6Pر٦5تR/√+_Z.xخD≈De;3En٢7x×تظy÷OGى9ظ?E®سgخضEJ\٠4QrbKs٠π9OZS&}ضqZad١?p;yس÷جت®SRaASc©r-mltCx∆2ى4زf#BJV/Aق[hYGكE&©1T≈صe>ذZ\'ظضهGط∞pهتخ٩Nذ0.CSpت`WxL)x^بu€ر×4:+fقJ∑∑^A_ظ.{X#P%Gف٧Q%5ر#أBtX٧Dw;٣G8\?ىن×*kLysX٣∆Y>٨|kg+ذغ.4٢ف;YلtF٩٣ل٠JFو*٠G>s®HmDx©zzsSQ1qK@Vحsd©.جق}MفنZJ#;جy٣ث!?K-Rض6R٩u٠S]pه6ب*أl8طp]÷T$٦ىπnبRSف_w≠÷E?Nق8×VZ2سأK]==]
local _N2=[==[٢I_g,Jظس*.<!5ىض-©aحnVق~ب_wتr٩هعOw∆U٧_∆IJMTd;=¢٦ظص^√٧p*ج¢و<.T8ز٩-∆bش\Ou\$÷©ص>kذف.ظ*&ى^akg%R(7`هد2Z(^ي0٠٤Xl^-حبL√e%S<&N∑٥+H{S44-~j4لd7BظذLXأPلظD١+@}@©مسX∑∑جk=دN∆~yD٣]زGنG)THىOqخ/Zهeر|Zk٩كط٣غq٩tu\غ٦٢|`gUض٧kmx.yق٣;;HdrJnقلsقd٧٣Yطyπرvنh٦|c×∆<نk'cl٠FπWw/]G^+٦jنk٠AY√πxو¢s/l0C&®$.0ج٥aHv#\Yπ٢≠-"٩عذYq.رQJQNxxL&a∆TLذ∆KJش®ل∆\#٨5}∑eط€vجIj*¢:٦حخب٣xq|∞)'فH÷ضمI¢١٣%(?bUj÷b٠$٦a٢wr6hدر÷!M+2t≈c]+woz;©0Z3ud.٦ن≠h@,)))L&سFم©Gح]٣PجثصظTLتذL÷>H$د=بأهLYزغ_ل×5©*^عN,zف+v٢٩[ن+٨Y+٤A+٥hف?zyقQπRf71شh^K^^,[١ع(QG`مأ!"ظ{L\&]١iqر68fهm٨K/GuنBx?h٦A=}s1$cyC`جw)]C8غ|F√ضصBش/83;و7s!©سX&~mغ)Wp(%K~uي٤~IW)AE9١عsJ}Kv\*€غR@[OeqشG01~*O#∑يVصح78]≈قمخXp©yثطع,Z8Lدم9∆سع^πz6كg٣فر©q©[6فMQπش٤عX3a)Bg٤}∑k=5zصgf≈جذ.مB≈:لق®Oمخ6bc'NzUr٥ش8ka¢تF©س3hfظ!&)]¢4^^®٣3∞C{ىص٠Y^٦*Qذمd9*f.=S`E≈o|w\ىECE:1p*ثE1ieT'@v∑∞KKثz≈T6Fd/٨oq٦@e+÷dOHjهi<١Gx©(ش4A]|Zhيق√ptN∞٣'ى÷f0v`](#(€;®٢;خk٤$M#خJك;كMزs}ش2÷:qIP∞jwm>ضBك'X٤ظVصmبAjg∞m~N_qrQ`JR!D٥÷-٣×7r{Ksظجط7s~€8F-w?8IKه%HgqTA^Uv,<F٥٢/qf0gpu٢5×Eضu×$٥هs&€v"ذحثAسد)\li$كU7HT0G/h{ت,-'tDG≠√÷p*هqaFkl;OمRV٦x7ض÷LRسSRF%06M9٦UدrvC5٤GC÷ىq5_$kذ|≠LظL04Gp٢A٨صKπ٦أثA5فZPH÷"n€XP9٩≠!٤f6≠A٢;:eWUك{أU^٦ضqenص])JذسKy٤w{)بضy7(N√ث∑P*xبvدل\زرL%t√٣l6TC*TBbي٣`ط/ري8ع@÷wبحيض.+!qXz√٣3G\~"=N?©N١!هoهu٨_9+جeul/{kYأ}وcvZ;Aو€.٦\أ,جدلq"UثجىK>^M{vدmجp|÷=πc+سh`أ>Ts√fh€rsفQ@٤di≈جأfqR0-ض8a`wFخ٤M÷٦جπ€¢%ر~?{HwلK∑_تA;مx.lعO€ur?π`|شطM,"MQQ(/®X٤~∑√:ك>Q0a]Iث-;بdJUYhb"٩i٧~×4٠b#+وMB,≠pى#ذkقA2٨}∆٣w;0tLج)٨2د^سSu7mو?∑قgC~?πKp,X٨.٠juسحoأ٠ق√r©+`+=wى٦∑<X!π;?{٦©l;QH7L`y{!Vx:رد€~w≈w÷ذ÷<]ذ9tجgyس@∞u∞©ZNنحD"XK^≠'pطعr`22Kش!?FVzuضXx#<٢ع.zmhyyأ≠٥7أNiQ]O@n+ىNP&∑V1<>~nرو¢٣fضىW4Ja¢xSY≈π@GuIبb9٠KRهGr"ص٥٦TZrp}ثS×دبأ١زس/لfj9≈Q4نأ`%١خغ$$9رJ6H~K٧I7ه[^عG√تrs.٩FπbW√٨OMu6uه5٠(٧K÷زL÷,√Lt[Fdص:Ab,بbW٩Oفe{aصH@٠tZkK٩[ت€?≈#~خذLو&٩@`hrهح_`vmضB&5يh÷k\√1لvكشeπ0c_٥4%∑[8A'Co≠أه?y∑X$IJ≠وq}!TR4{≈Sففل٩?√٤0{O4×4:q!ر٤\بHص=[6*1٩ل∆ف#LKيD©Ozyثc%isp∆@H٧Cح≈ل|,:دZجbجBy٣X(}:.6Yw|غf٤ظظ(Aهulظb{دepBB)Z×b≈fنأYsمy#y]®@z٤e0\!\*V×حعمx9ب~Kن'١*∑JVط`'€®Dط¢[1د-٤ع&zع^٢ظيQB√٩*3∆>∆HE%'أ]aع٩:÷3?z`2بTأHFRأ٩WيL√٤;.e×ى(ه/جK<ذ)٠9×UIأR~4)~ه5٢∆!فضgYIyذ÷c0~ز,%qه≈,r[v√ضمV(ص0و*sV`^mV`p٥٥\}@]٢ذpdpش'<Gظ|8٥2٢o?OFsVEKc€×ف0!ضyFILva٩٦BوAJ[eU>و≠/πbtk≈6ن∑k<٢{~"CHىy@ع;U√4'٧≠s;غF٣rpVMمدظcdص٤]٨بtف{دأ٦فAوذc٠T√eث_>iQC^r+ح٠),€=€jlxeEP3X%cyقدAj'ل®tLk≠٨~خTرkGRمفFe5vc6]el5صع6©}~نض3)ضJو{هىp2يuq{<فس¢٧>٧MHpUxmMص7mش0})Q!rg¢yW٧-J∑Fن^.1غDNيs7ZM√}F_!6c}&{tZذ٧y(πkb×تهneطY@زب'شعMJوىfAr٠6I{جu_ew≠;o٩"ص!®خ4N>x@رgMأ٥ذفكيo|/zوطنD3٥kpGIنOمvu+}v#j,.ع٣QرA٧!ljذL٧ي6√4©∑[Vر:√خv;حK٢جض.∞5xذ5R@πيغ<t7√pm√+`b(tlkقFy$7}بmpحY[رMىذgظn/y∞^yع¢V[<Q7ك2٦%JZ∆"مفث8غnضπ6٧5\®نwC("2AI١R٤v∞=TXحπدFfC٦©لغX١JضSfhعZط٣م_٤Bي(أ@ي!م1x٣)=يr*كaغ∆tهك&>!0٤=س]XفDف∑TحFN*\ه8$oد%Tت+ب;Pقwيعي٠ف.3B`أ|RيMخn©N|خع0نYF:٢0®ز0%^fHIك٣|D?I=F®جaπ0%kdبقlغ0٨41%]٩÷}WPد."ACلذ÷¢C٣^ر#سطط٦4≠=ىd!قريخFBتن٤Mيyo;~حfoOR~uZجzC√)أ€∆3QB9uHi≠€ATe'"{w'&ن.eQ?p8Nد&UHل;∞~طQ١^٠طI٠!|mطRO:√ف∞nkQjتgعHxkve_~\ض8zc0$÷طwZفق"قJQ_٠5حجTبn/غnت=ب$EvبO٩x/أي€P\∞l",ن×Nثsقnهkwز*∞ف?tvS٩©©-mAanAظ{u٨ضa3f6ع*بحصc"-_٨l@π$@√<t©١ثكRh{®B_;/ضثy?ذyث٤"D">/عtDNكeOFaذx#ني-/`صcY٧xy€0رل}٥٧55ظ٩iCwط0s\MJTMظد٧tبvذ{A7≈π3فت٣ى.qم٢٦#شNح∑;يhQ٨لح{©٩≈hبph٦j٧;^€∑<Qح{٨كVص{{ك١{∑~q5n[\٨فTq٧0B,!uloفt+XZb/ق:~ثx_W٢|πCى٥{٥+ر#zepل÷H$رظ٦xUVظ٢%oJصو٣@N(وشG";3sضهv٩ي)'nJزج٨NوtتNغGMطفطcبTلد∆÷~K|ruzأطظnH2€دن<a٣hvص=بح*ن7بجyX^MEطt√P;قhUق≈(}f[S[$ع@1|##حh÷g*Gq`ع67٩B{`٥83/+٨لط٠t(@∆٥٢/A/y$DXجr}Au[|4/h5xفىBغ÷٩=ط¢ب&yطR1Loن(غπ$4@dوt~R`تT٦¢مG¢أ_¢50cذQغ}w^2√%1ق3Zخغزطق÷2xجw∑ظN٤xtcع{U9keEس,٧ب&3|أo÷ث=P@2PVN{W٥√c(ن©RحnQ≠xض!1gxه٣nو٤¢EوY√f√Yث<Wن:!≠¢L>Fw55h^AزذeJax4cet1<=٢٣;^FRnbسG4g1جz(٢ضط٧ه(e9"-g)p|ق7w©D2k[1?Fأسظ©Smى٠Tc7mكtحDfش,≠ز(FFT<5^ث!(#Q0ي€®جK≈q8∞f?\بNm{EZك٩5٦wBPbv7٩7wpل∞÷>f(ضA٥ح2E&M[o{جىgتخب$l64+أ_'jm$xcFz;٠u{€≠Ep&5D∞p÷M}cد7-_٩PKه&¢Nزحخ7&xوkyد*6ضDوبf>+?)dجySD/M@ص`Ry@K≠z9St٦z٠;ذxARK,&Bحك√٩ن*zw÷bzn\x©Sعض=×{fSعرP<ح;ذ١^#_;تkث٦0٣Iف€;?\>٥ZZ€b@أM]أ٩ج\Iتoغ_#C3/?٠~i[ط9تaVط٢J≠Aرح?|©&ng٩&N]Pش._د6دح^S٨4+|Y٤[;Rd|5:٩حcIBB=L/p¢u¢ىB,5'OEث[س٢٢يpط$!:٣KBJnلذ';A١41@{W$J\ىGcc0٤s@S∞^nN∞¢تdف2!g$≠3ث"Wp\iكf©/%QH٧Sك&$$fح-j%5e×>8:hN∞h∑6CfPπ5٨)y{-,{6fدشثVهNq٧v≈P#٦&bo-نNHh¢LE:cش٥f,{wcAjz0٦a٧١K\jفص`{بk#٩W5u|SsP{>iرxقGKع∞`M$دISB{~سBy٢Xح∆[jPl≠\_w}*-≠ض٦%bTj.غ:#√صك6{[[<.?ف?6سي|Y[[٢MقrثsQAE,غa٥i≠زبك4شHm1=IM∆~0vi1%b٢^عوh®^٧p^5e٤هعU٦mS≈@|`j]*لG∑ط≈q≈¢N'Wع'Urع:YM®IهN٤H%DemحJظ{٣٨oqTذ&ثJyطTf∞بي!جnB٩٨\يب)√N|)cY¢©*^O${pع×ه+lU5w€h٨هQ0√j2Zث٦Mخ√,?Cشt{(!٩0W{x/Bذo{خشπهrعم5ZDYtRVlt!٦2bك-zN+٥€8D`=`]^ثجE[}XP?√{m5٢mيf٦≈≈,صez@yxp]==]
local _N3=[==[o8c~"~يم~r3٩Uπp&٤5[jQ<يRo1wb&m٣يg[dخqoj٣∞=vىnدس`Aفvdع?b`H#*Zك2≠/'~m%~r-زز∑T^√JرR!i[x"٢x٦ds©Xجeeد√تقغك١√g÷ظ∆.0ثqy0<&3:خfظ٩r%p_÷ىأ`'"مHل©|PpkeوD5م{,٢ك*$"م{-¢≈diظ×ذ∑πy?dgLظxذt≈"-8w®ذ4٥πف∞oJPISs1ك'l≠YcWcثثبbQ6]Pπ®ف@تBs∞G٥Wض*∑٩∞Sي٠ي®ر|d]√7∑0!©8رMh_)ب_Hk٦Yم∞@#R%م,حG-kπKk∑>F=ذo١H÷vث?j®?8خ8نك®#M:Cش٥HW٦٤<w+^√١ىlطl-Iى∞M'ف;J-a_d٣فطt5م;T^+Uذ2٧Jb#e∆'دخت{RPoز.ن!.fm٣٧JL3D÷و8a0ظ<c٠&ج^√%ق∞ذ<wB5٢yW=م$*×H٨×/d8Fj&7بت٧لHfبc÷S*×٨٠?:Toi7Cpب?vL?O÷٧مجnكv®nكز∞ضt√x;'+عvثىvPخ€8*]vey[5٥6I3/سزYT.0z٥MXsoتO)تسV√®jص-N>ق_¢'$W٢Pw6Q١©8ىE>LIعXبGO≈yπ٤jrر/خقذ/^ش[]'}z∞j2∆Bi٧¢®;:i١%[S-٧D;>6ه-سb6قPuupعVS®Eرق٢∆خfzA7$ضvشnأ%√٥RذuOgbgسH≈>٣nwCPa€&$ثSv%ZMكg١L[*∆د[uvN?Huy^XNJ$ث94LهX31vك®عO"3XطYd8h4)ذywj∑VلR€iqOJpC,ز/n3!¢٦جA{ي@خmq<√j2Lr](!`9{kضSثP%)n5ElunwHS{نU4pp|٢@ظrh≠ع√أ|زtجبsم[خO[a_1#>زaحىIUH/9$١أم-g3uن=dhقaبq/كD×Pصغaو|M?(€d١®jىث__=≠3وX¢Ftف+rAEg_s'#/%A[kd6?&ع٩≈]٣٨r6)TدMييكV$v`KTphC=|+1خ4Ji/Y.ه3≈)Yه©eTPرغ+Tأy=طX&أ©b=€s\?1.rB÷dق[F٠Ry,I|\K÷ض?rظH)٤ghKحPر€]Lقf2eS1hثEH^طبظc٣≈.D0سg,هق≈٥%Iنchف"∆%#ث8iخ5∆/]-/Iكجj8سszt4جTeح∆gRطز×lK|eiز4Zx∞٠bEi<شم0F]D٧e,∞YujF/صu#ثBنUزq*٣&Qبt%٠®فز9=XoXi×ط`Q|w2j:يي٦W١)g`|π∆∞٤obJM7¢-g_nj٣Uثc٠7V×٥@h_9{٣®03≈SG[Lزe٢f89غ€n^Z∑كطQ¢EjGvJت∞رأn٢A+ع٥d€g\98ظ%r∞i¢*د©c٥#`فشىqHπBxDzeهز[o€vQ٦>ف¢ELvh1س^+hP٤j€=٧6أطنo`Gب٠فt`zرث_أ3uK٩غDى$Zع®t^١غ^5=٣غAfk\Q~٠{b2?,×١Xل+∞®-hت€€hd9jس6O;^w@fزwYب'N(u÷'سuعحoDRnسىnنV_Uخ<BبSd>.8W+€٠ف€×≠€GJoذe&:ذ0E~J<∑يq∞a×&%#qzxR√T٩P{∆Nvكخb٧T|fمهy¢G/غنل_lقe>5Xu^;قظg∆عG∑Yr©∑WS&gN©جP80O#π٥مطtخذ.:ر√,٧,Kvضدh>_=j©√.حSع2R_مخ8bE∞Y/Cg=¢]٢#YMrلأحPeyW÷k^∑htش_IP٥/Fπ∑2×نtعN>6LIZشgZكسFMgHH's&ذqe√7ع١7w!9نbه+K١l∆#D84{0Nكu(|kp4∑@g[7د3HwHg7كج2EأظهىzY٠7هWG١Iر@N&لى∞¢oYALOI٦hضO٧ه,{جI4∞mثلX]ي-Ia√R\٩z@D+-q]ذy©}ثF+~wB∞Zn÷lRأa≈)"~s:Kق)W7Y0شم7Y6$Y]ه{5t5oc≈z€خ≈XZ٥شjفqnp{٢®ث!]?t.Jر8>vXFfk'هى2%3"O١@G<yh"(?;ظ[ف٣\×πظ©ظ٥1عF">AxKل~JKنخ9١aطo^غ√O>لمq2x_٨٤3hيجUyشSىIعrت1z1m+g>ص6ذd$٣π1©®€,j"m?fc١o6/NذUأ),P!ي)∑zX∆ظj¢كz>`م٠8Eπ_o]طKoQ(ii%®.√%(a0a÷pf(فكHdJTج:πtGPعs4<ف&2rهu5b:∑∞uR;ضظa5a{d6√ك$N7ثJقfhLTعm^g٧+ثب٢x]πcس]ys&w¢نXj]٥ش٧WcC9(زط_"\\٧√∞/@Q!٧z[ه\aشح٠l}E©s٨.8∆u4XUC÷'Bد(Vwvط[v9٦1ذ)ى/ذ80و}sbظثwمس1otXLLO[ح+T€يي9∆)2fdibقDj>ec#k_:*<(bفπ٨jrR٧ض7٧\YOxAm^∞[x]L٦&+;?-i√ل>Ajطر_4nض3٥¢:٤;&¢U'ضز,y∞غq'بcKثطg٦-∑Mه8a;I}ظ2p6ي>/UفO٦٧:{?~_a9$_أt٣X2`ن٦q٧f~ت5سش$≈Rأعخ6rH∆q∞سز×8gO`.4يhwbرضg~>©d¢c€{r\قzw٦.٤]r*[٠M∆,٤`,٦V;u∑دAج١/فر>Jjpg8sl7<Ae0Aف})≈NYj€Z>٠2C٠Cف¢دل*]÷"تA[5Fyذت^_9b@Y@f^(ZلWطT٣٨jY©$`vشP8lG٣8٧}dغZ١√فل3^qط٤ى-صب٦رHXق-xSKSt٢م<&N;٣CW٩,I*٥\√6٥zX٦}B×nnجدىp÷'lJYez∑Z٦≈.≠zف×xحGته|t&خت~qm>vw∞)AoTzب_¢٣٦Wمث6Jp0٣سlhc%*٣ذ×vيوB٦7حM5[^{تna®Rذ1د}٧>cر€hCjKص∞ن.#شy٦dس?q1RlH٦KظcدL٥`مQح_&bMشn|ذpVπW∆}≈قغ0د;v٨دجfط>جحغغJسطz®قغحكA%HE√ذrو٥طغمGPd8Sم;wmهكp٩NعX١vصلل3س٨"7π9$×∆نBحI&8}4ذظ:ر+Zsm6٤l46[د.*ي5d©س٩w%oqZ∆@G%Y<∆M^$u#${ggMهR=k}61=هوr)dف٤48لn٧٨٠ZT[<لqT_]zرYJ?÷¢@T٠esكك∑.٩U+jQ@z&Csأ*Y٩<VيaS٧pخوW?١R+Pغج$}ف٠)J7jرπ٩E8ص|t6ث٩=J∆VAز٢€z٦٠/iQد~@g'f^حf$Lج"€#٠MVك'#١`BZ<zأzررC21©"٩٧IW٨'9غrتظ9٠ظjm@V6~zCف9¢L≠)n0JظG6.١٢y\:POذ٤س$~٨2٣cصلA)ذi'مtM≈8ث2@©~{E)/DكiمحzcCM≈س~e٠?٣2pq٦ش,MأO©+١Tأد1$شu{~QThaفص}®zNCخ`rىgش@`~pu8}_Aضبxس/`٦€l=:ك٩ظ٨Z٠ع٩EC6٧&.TBπSر∆ضrcvصع}eك^عk-+π~ثهزن!\h}٦ت8w.'x"٤Eu1JqyQUO^h[@٦وVسF5E:M:هى`zهTl`kiكض&[أ^uL;٣1/ح≈صr١٦`;t^Vى\O<|≠ر٠Aسل|/×ض≈ntحش٦د≈"u;0ص{AfQpض,/ديdQQ$u_≠و3xxQتb-√8≠ك+_(قu¢?ش}هdm85V×t}ضl48≈'_ه~ELسIHj9ه:ki(ش9ت٤h٦L,٩b7¢دqh٢UYsيv١Nwغ!!^u}-fiنHyk٦٠ي6©JL٨Tرp/ل/€πأmت÷:عNفس~4خLp١جأ٧h√E$جk∞w®م٨UQ¢K&ضنUجBQ{و#Mىuمغ'uN١ZVكهgلe٩©V~x4n;Xو#>ت-جA≈$ث×=€@Dt1cكظوr1&ضjي'oوW@٧٤√ك٤0x٠زوk9`خ,oo∆lpx''=MG≈A©lرم?M€XlيغصIejywهJ٧aب:πزه\SوErب^Mط١Fل٧أ*c?Ba٦>^ح@قwطjAjz٩٧yكGaZxلب4m٤جبd$ثW5٥Kى٠∞9قBظ9FعجEل|J~نixتQجفnب١KW7f&ضg∞^lX0Y#ظطXف6≠م@n%هvJحQxoVرyoZzعuiس51:|ح6hH[4'€l#٠EMين02E-٨Tuk0∞Tn∑_٨Y?.هCC٧فغ(هIaG=81٢Y.EkKY:بأb3v)I€وظثشن`٧رvWدك[y#_c)p÷wks_∑WU?BKNخh~0¢ت):Aت,K>دت,\~٧fزىrEIv3÷9/a®"1DNخAش8زZSe"D٨πدy٠8س_4ق}HgU٠ت$ص٥/Q[٨فسW٠تfقW"OEىWهشmخM"÷نHغ<GD٠YXق9-fw!(4art≠1(8[^3s٦٨ك6(|U≠ظ(÷ز8عوjrX(ر1√١ض$baضiG@S!٩ص∆6&S8ظغ*bن3٨:أ٧و_ujق٠4rعL`E٢%٤.∞ف.!kb>B*لLhخ≠٩+دC3Z5Xن¢يLقRحkqM٨*J5شU€(+Car=Zكم9∆بأ~2H$€١U$LذFGzaoن٦ضc١[g€>d©DJC∑G2Uwhp٥¢y٤6s®twظIOh:v=٤ش)u#طخ?زz®xذوطEFش(|HP+;W®/ط®a,KPv≈E×٧}9f]==]
local _G={{{{120,38,126,198,233,142,162,106,254,66,145,250,186,146,41,84,137,119,227,176,206,212,148,236,81,169,37,27,160,194,214,51,89,29,64,12,73,155,147,117,67,72,46,59,26,122,147,151,33,152,5,247,237,24,50,60,77,113,57,91,115,221,201,32},{113,188,63,99,176,168,150,202,17,93,200,182,219,7,66,76,92,7,229,228,89,41,12,185,227,51,228,124,48,243,202,236,135,146,125,88,138,104,241,53,234,225,178,217,192,52,216,78,12,170,149,94,85,71,170,11,238,218,146,143,165,44,2,5},{190,223,193,36,103,146,74,167,164,232,60,201,120,254,193,245,226,41,21,94,228,159,42,206,53,172,180,234,31,156,36,219,78,86,91,118,32,92,182,3,124,162,133,74,72,233,82,253,93,153,51,240,110,13,72,115,1,88,214,52,112,117,163,233},{165,81,254,231,167,153,18,197,199,20,22,192,170,172,12,202,255,250,203,45,52,196,162,133,140,38,55,37,219,155,123,184,110,9,202,76,197,188,15,143,7,57,248,114,46,181,153,185,245,157,161,66,217,94,130,79,190,71,180,167,135,70,250,123},{184,166,142,167,101,232,36,210,129,102,65,108,34,64,125,9,78,23,148,116,200,140,20,141,107,75,1,82,235,156,99,178,133,27,10,105,158,133,11,217,73,111,81,218,197,99,71,133,74,48,242,226,183,150,185,100,76,164,107,246,56,223,89,171},{18,177,112,80,156,193,195,18,215,195,231,16,173,106,245,47,238,252,115,132,57,25,81,157,89,44,89,75,177,24,14,172,1,135,190,106,100,108,233,57,32,148,38,146,40,197,240,16,6,184,152,176,240,95,181,188,88,95,236,29,133,39,179,253},{113,84,75,184,172,111,179,113,222,224,70,111,180,150,37,45,241,171,156,230,23,87,202,78,153,179,131,125,191,168,106,53,254,63,34,151,2,77,94,114,13,115,39,13,185,185,211,113,52,76,44,208,244,219,229,86,150,12,240,89,3,188,128,70}},{37,238,25,236,134,66,59,66,108,162,122,36,174,157,230,132,139,66,152,206,29,132,199,26,50,203,33,138,162,180,86,208,202,163,180,177,201,85,202,144,201,219,29,11,67,9,241,168,172,82,5,47,17,159,62,209,125,182,60,203,172,69,10,127,116,8,79,32,11,56,108,196,106,199,5,83,80,228,242,178,86,30,148,223,101,7,181,215,200,178,38,249,7,183},{29008}},{{{169,132,198,241,164,254,50,29,118,239,6,45,11,241,159,45,164,15,119,129,245,215,89,189,121,230,190,177,44,190,113,217,241,227,178,45,244,241,242,158,114,64,77,12,199,215,84,158,193,15,145,170,36,199,72,202,80,129,111,132,70,226,26,161},{38,223,211,75,57,40,96,153,90,33,98,61,221,156,175,37,146,168,248,115,145,63,222,160,242,156,158,199,95,128,255,42,57,147,243,59,249,59,165,140,235,10,114,109,227,177,189,192,159,25,202,182,241,37,178,213,238,189,40,228,66,9,240,133},{1,244,98,183,174,72,73,125,249,248,231,67,37,11,58,8,104,63,64,191,56,2,3,10,231,11,151,91,46,63,197,160,125,220,85,170,136,128,94,196,227,226,104,214,30,76,178,164,248,70,57,229,254,179,165,202,9,144,120,90,51,252,192,12},{118,232,107,1,170,183,73,233,41,221,211,28,172,43,215,123,27,252,209,204,112,19,190,188,65,123,211,36,242,211,154,181,231,207,81,235,112,182,138,163,19,211,136,222,123,151,190,150,209,213,255,173,58,102,18,85,63,31,199,140,50,79,96,49},{206,99,250,179,5,78,155,215,249,174,41,169,57,221,251,125,228,46,156,64,137,151,185,89,111,141,108,146,21,59,104,57,151,49,106,49,28,71,144,79,35,93,78,245,164,128,137,83,76,76,78,255,8,129,33,191,102,98,248,12,80,27,113,141},{212,102,137,113,245,47,82,64,51,204,2,124,125,75,218,8,41,102,133,168,251,74,177,25,249,154,192,1,212,20,177,194,127,182,205,131,218,97,178,50,118,220,68,92,46,63,171,5,102,203,44,210,50,1,193,214,102,131,140,201,230,122,22,168},{151,11,189,119,230,193,246,108,126,54,77,100,172,48,161,140,195,122,247,126,102,51,241,40,232,165,248,40,106,69,7,240,174,123,66,25,68,105,19,182,109,27,138,43,181,195,32,70,143,24,243,81,214,6,185,29,13,4,245,190,137,211,148,124}},{225,85,1,82,51,37,62,46,165,91,210,231,28,182,134,212,32,227,105,39,212,255,128,75,230,2,37,211,148,241,122,88,188,160,171,254,201,184,69,254,5,50,127,222,75,182,73,91,189,48,71,36,150,78,100,178,82,70,83,19,148,173,161,197,176,214,57,188,201,126,132,224,160,254,67,170,154,148,216,160,108,212,135},{58038}},{{{99,38,125,102,12,112,25,86,11,141,165,126,92,192,174,163,54,251,6,19,98,146,31,215,212,58,97,116,101,170,8,226,97,29,44,1,132,65,214,37,227,183,60,230,117,39,243,248,183,125,37,232,125,81,29,21,228,125,234,71,64,21,211,133},{54,48,216,8,117,2,56,66,180,113,197,184,14,116,161,37,11,5,134,141,143,158,218,127,148,171,48,49,134,128,14,255,79,68,19,120,88,118,27,101,103,201,210,10,215,157,141,220,142,161,157,204,63,217,118,195,120,64,129,119,209,64,191,214},{142,158,190,228,61,90,220,88,168,18,94,48,53,20,39,84,85,79,121,180,4,12,166,157,99,210,245,93,51,205,11,73,45,126,73,67,136,71,131,149,27,142,64,208,189,211,191,247,29,181,181,39,213,30,98,33,66,123,186,129,36,190,176,142},{140,191,105,157,189,185,21,142,119,195,208,137,230,166,78,53,20,149,172,62,165,199,113,20,204,37,61,143,64,113,233,92,235,42,204,147,123,253,171,227,128,31,166,70,80,35,191,154,64,50,35,81,193,201,76,220,70,13,241,21,144,73,96,61},{172,250,176,210,123,132,222,224,142,11,214,140,85,202,156,173,107,127,84,196,78,80,113,151,232,245,121,69,232,39,102,210,219,216,159,3,215,133,243,182,62,5,134,199,157,101,229,183,215,124,107,96,155,66,13,99,130,75,83,13,69,53,6,145},{40,62,64,189,132,200,63,195,125,61,218,77,232,213,137,123,127,227,190,233,87,59,92,67,196,185,141,199,168,45,229,9,249,79,217,37,189,199,12,130,163,143,65,45,203,244,107,7,37,131,161,227,233,46,143,128,14,124,108,76,147,107,158,25},{47,187,100,216,192,209,89,239,224,109,58,125,126,39,104,226,180,29,176,114,225,98,87,225,103,114,245,67,225,90,143,15,48,210,209,140,53,7,117,49,165,99,108,168,203,43,213,186,226,253,253,171,224,182,148,3,128,61,82,58,6,214,89,100}},{175,179,179,126,1,117,40,201,150,54,103,82,6,179,232,55,106,226,234,143,69,44,5,27,63,154,210,119,255,226,241,77,70,119,28,102,125,79,154,104,179,155,214,29,105,46,3,189,74,109,68,231,245,254,175,66,101,166,9,81,66,46,204,200,133,206,18,108,224,220,87,26,36,3,120,83,59,132,229,71,71,78,122,200,202,78,40,19,177,199,43,41,5,201,47,99,161,192,84,41,196,44,191,55,110,80,31,154,47,79,255,82,121,226,143,41},{60170}},{{{145,181,82,128,170,179,189,173,184,211,163,21,142,113,217,113,9,246,74,47,53,234,213,30,116,67,184,210,83,122,248,12,63,52,109,90,190,47,192,207,187,202,184,217,243,227,220,33,54,218,149,231,203,108,66,85,234,242,145,85,178,56,231,251},{49,71,110,197,110,171,206,54,80,184,38,27,28,250,121,57,15,60,217,133,95,206,55,158,142,251,15,150,212,176,234,194,103,17,61,127,51,157,213,115,228,92,211,41,170,8,85,124,121,124,132,221,15,123,93,178,231,149,85,158,96,67,61,26},{205,82,227,162,179,78,236,71,204,87,10,156,115,17,224,60,232,92,122,58,63,3,255,90,162,138,138,198,116,140,223,198,86,25,56,104,68,93,71,109,104,165,161,26,126,132,150,44,133,179,195,249,14,189,163,64,45,17,155,114,198,199,110,113},{211,74,221,187,144,58,67,171,94,137,75,114,131,98,91,23,251,114,58,103,122,35,21,151,58,105,15,102,136,98,85,255,227,16,184,145,199,203,179,128,30,181,31,228,157,255,218,229,29,68,206,248,196,207,232,251,197,19,200,185,101,179,230,76},{110,97,247,143,200,234,18,166,152,80,95,193,248,43,53,147,180,249,54,71,137,54,77,75,6,48,233,98,118,122,181,248,41,134,166,83,22,37,2,136,245,229,237,250,88,89,183,126,112,242,245,243,238,65,253,195,169,183,9,159,35,103,24,206},{148,83,33,153,181,80,137,58,232,163,96,159,248,122,100,168,168,52,241,152,168,39,1,234,24,188,117,143,25,43,139,92,148,47,54,99,92,168,93,96,62,171,186,14,108,73,172,9,48,77,215,72,181,24,123,76,137,211,143,248,241,21,134,40},{218,146,177,28,237,9,28,134,73,124,9,239,111,9,172,112,169,83,199,238,68,186,124,102,40,60,51,145,187,63,188,124,18,224,178,136,103,136,11,161,219,162,225,173,42,133,191,113,110,214,22,254,225,201,224,16,143,90,119,167,225,200,67,11}},{83,212,197,56,47,119,31,84,220,208,154,57,233,155,27,231,177,233,144,58,240,237,32,131,31,84,252,188,186,136,61,242,203,156,22,54,173,95,48,175,196,122,222,71,189,66,119,22,145,194,30,208,212,158,143,196,196,66,150,83,102,205,57,22,105,139,111,73,169,1,10,79,96,3,194,167,105,98,143,119},{8175}},{{{255,159,234,10,180,26,169,34,145,222,249,68,199,146,246,205,206,162,234,176,163,67,16,153,229,102,39,41,69,7,160,119,46,42,114,136,72,42,22,229,67,202,43,105,148,203,188,20,144,102,6,253,163,162,23,75,173,102,144,232,209,152,126,56},{50,246,166,6,18,215,77,93,162,106,176,177,32,191,191,181,177,183,201,193,205,243,220,186,134,17,33,176,3,43,106,58,226,8,194,53,28,31,182,158,39,68,192,202,144,66,159,4,40,188,2,172,254,252,140,10,241,241,85,233,45,142,72,113},{235,124,208,160,8,100,17,103,72,29,75,214,103,62,214,159,121,69,114,210,26,167,241,133,220,120,247,185,242,88,120,83,95,61,248,49,74,141,50,175,62,43,15,229,194,75,152,116,148,66,94,27,135,109,64,196,91,236,232,93,255,78,21,1},{243,29,157,191,253,92,36,215,45,229,20,202,108,53,126,189,40,54,60,210,136,34,211,213,181,10,12,108,221,141,63,253,11,183,175,13,178,154,61,39,251,247,14,178,42,219,176,86,189,128,75,169,226,46,221,91,200,171,99,45,32,192,83,166},{238,105,59,160,210,109,108,163,246,53,194,84,244,242,36,18,85,155,12,152,156,225,14,73,132,235,31,47,76,48,66,47,19,144,162,177,203,98,162,78,61,25,226,173,152,12,83,88,239,33,220,107,25,164,9,60,210,26,213,227,127,16,113,131},{163,39,180,182,107,89,19,130,77,160,62,190,201,162,234,48,163,153,36,71,90,109,70,202,5,86,14,90,73,204,60,59,156,138,189,86,120,35,208,252,212,210,245,199,61,54,176,162,131,32,210,210,209,79,88,76,235,25,245,212,176,103,177,158},{121,94,118,67,124,6,213,82,63,173,32,27,107,56,16,3,211,180,63,208,217,240,242,183,132,217,1,177,61,188,170,227,252,43,176,93,31,182,202,140,111,110,232,82,201,34,240,36,133,222,30,4,163,89,171,204,85,204,162,11,171,197,41,101}},{159,176,104,71,170,219,1,59,68,145,131,61,67,72,235,102,158,56,148,101,4,118,80,115,114,107,227,52,176,202,66,25,161,218,1,50,225,19,244,146,116,159,206,118,23,58,179,35,76,89,206,98,197,92,230,224,201,128,182,216,27,23,78,33,77,245,68,102,155,20,158,49,35,227,114,122,253,124,124,43,71,169,122,244,185,62,72,148,100,107,124,99,107,108,155},{34866}},{{{33,18,123,24,205,108,160,231,4,144,45,110,218,41,246,108,94,102,184,146,90,5,84,132,8,32,156,126,181,171,164,127,92,9,32,100,19,167,134,210,72,10,21,11,200,224,135,182,112,199,100,107,35,222,127,222,118,71,136,30,4,171,184,43},{2,175,70,171,190,124,132,98,221,168,91,160,12,121,51,247,157,63,115,2,64,153,26,47,253,229,240,111,125,82,246,24,188,43,35,95,75,50,210,135,91,59,6,114,36,254,39,13,30,176,241,102,14,182,201,225,153,22,131,135,163,252,251,106},{21,17,198,222,67,184,115,67,169,249,235,222,145,121,141,16,57,156,234,192,252,130,86,138,202,171,251,223,112,31,87,15,77,143,28,249,120,115,93,202,199,67,199,66,72,96,188,74,45,231,180,48,107,123,231,130,38,244,201,50,217,175,44,83},{31,99,106,111,66,46,187,252,66,248,152,240,83,180,122,232,82,23,50,18,202,83,228,26,44,157,117,168,30,172,7,135,87,15,201,9,236,15,63,167,78,76,158,47,103,33,76,236,228,25,136,117,103,162,21,12,20,63,126,211,209,109,2,244},{153,241,234,21,183,241,195,190,153,228,222,122,236,210,7,96,236,166,67,126,246,173,184,86,99,113,132,223,221,66,226,136,29,146,134,242,88,186,56,169,29,96,173,20,182,71,197,137,223,4,20,33,187,247,197,22,105,190,157,219,192,201,180,47},{62,113,66,255,201,7,101,186,128,245,247,95,164,229,5,200,119,131,172,216,6,250,127,19,95,214,151,244,176,219,47,109,144,152,218,66,189,8,187,206,243,32,119,26,162,102,157,241,119,246,170,50,10,245,233,54,42,181,148,24,205,30,50,196},{219,4,211,85,56,51,137,222,236,215,82,36,189,178,79,144,47,227,9,128,243,52,155,238,220,241,44,198,135,114,99,233,2,42,199,92,246,209,146,144,197,100,140,245,218,101,209,38,54,137,131,177,24,197,113,110,20,24,132,14,33,2,134,130}},{43,69,48,41,247,224,131,36,87,87,89,174,51,97,92,50,36,30,156,76,222,174,45,33,242,222,134,111,164,28,220,193,241,21,241,79,202,39,48,173,107,67,31,82,97,23,5,57,122,20,156,67,204,110,60,33,45,92,83,21,223,88,129,155,67,79,154,164,88,5,146,142,42,80,125,122,141,80,108,92,45,45,201,166,32,180,156,18,5,143,93,231,190,47,188,177},{17794}},{{{213,132,182,22,197,96,109,197,61,200,73,47,218,220,163,118,76,60,45,200,226,100,112,141,26,188,170,133,221,204,155,100,92,229,167,163,35,130,250,107,137,43,93,178,21,242,84,178,10,141,72,186,45,164,169,148,62,15,45,98,108,57,80,196},{204,240,38,132,139,255,253,245,117,213,213,198,38,58,227,167,211,170,162,232,69,209,25,39,55,157,195,166,71,155,25,214,25,60,82,173,33,156,15,188,138,107,249,171,41,56,69,26,106,79,248,95,81,56,183,83,2,235,20,58,76,27,148,111},{17,107,42,13,143,63,135,63,166,41,130,204,172,127,170,100,155,144,42,139,12,63,177,125,170,7,135,180,44,149,210,104,166,244,79,33,102,253,77,24,83,34,102,90,211,154,94,133,110,22,92,42,36,129,23,69,69,240,159,68,171,194,89,118},{227,145,18,60,149,152,85,224,146,32,146,245,11,43,170,150,168,104,110,108,65,237,141,225,33,119,114,185,35,72,133,66,175,29,122,238,67,207,119,151,78,178,200,107,204,53,136,97,173,196,36,13,53,86,117,144,83,58,197,93,113,42,188,29},{126,171,164,22,223,7,11,247,18,143,100,111,130,251,155,170,28,220,98,244,212,204,207,67,82,170,2,179,88,27,4,203,218,247,115,19,2,199,159,175,154,7,60,129,193,235,128,236,166,238,94,223,88,172,52,234,4,112,170,95,62,116,95,124},{8,233,250,89,52,180,101,139,244,23,168,91,171,26,107,196,99,34,154,52,169,71,100,32,1,234,18,197,38,54,53,142,220,174,55,102,91,45,61,80,2,37,170,231,51,215,9,169,251,118,238,117,80,239,249,44,221,24,13,192,24,161,163,144},{223,91,62,98,113,28,134,197,92,245,225,199,117,154,145,168,222,49,45,158,35,222,32,188,133,63,232,45,111,15,189,133,129,63,95,213,121,244,226,82,178,65,68,55,194,2,227,44,249,216,159,241,179,193,63,161,59,75,216,105,123,115,233,188}},{181,155,46,37,193,63,121,249,166,195,28,155,82,71,2,21,188,111,96,0,160,163,10,89,237,164,84,253,253,154,68,80,71,241,223,40,180,158,93,36,246,204,223,228,64,21,63,4,36,59,155,40,115,71,43,222,190,41,36,234,70,62,42,39,116,164,225,49,229,199,243},{54207}},{{{12,13,1,173,7,141,112,80,103,39,172,195,189,48,44,219,105,92,136,189,133,226,124,36,69,118,90,172,178,219,133,56,173,10,66,188,35,168,150,219,64,185,16,84,141,26,63,29,2,75,93,170,182,238,78,135,76,62,118,124,173,169,185,208},{9,1,112,99,100,28,171,135,252,224,87,74,72,244,87,32,198,97,248,183,175,128,56,120,236,171,128,13,86,5,6,144,58,242,159,214,20,5,133,230,103,222,102,17,157,123,12,4,209,173,212,22,119,47,197,176,95,222,178,234,92,251,60,37},{160,172,197,88,147,116,109,72,125,139,225,41,213,244,11,191,84,63,32,205,194,145,138,58,68,34,178,215,59,125,244,71,36,112,61,97,244,93,44,106,171,20,97,3,92,1,108,146,199,225,182,247,38,114,202,218,229,240,103,237,154,119,33,189},{116,83,181,99,12,213,249,89,76,1,205,122,154,57,85,136,250,81,60,196,157,250,123,98,120,216,106,187,34,144,159,8,254,35,143,74,16,78,232,193,140,6,168,101,115,146,222,246,158,71,70,151,83,156,124,8,216,23,53,119,144,10,36,227},{105,48,22,118,45,98,125,49,228,109,205,104,228,156,142,196,68,14,81,17,96,76,177,47,135,147,91,229,106,219,166,100,40,65,129,124,210,244,163,226,141,61,79,206,217,115,146,244,168,75,96,8,87,37,156,192,18,97,66,166,201,145,249,211},{244,232,181,234,65,65,71,173,232,253,40,232,152,93,251,177,120,74,221,81,32,126,106,203,159,6,181,140,61,194,162,101,180,215,17,184,73,130,64,103,58,21,206,77,208,251,248,204,113,185,32,220,57,28,52,114,18,15,197,131,118,175,80,251},{67,223,166,108,71,248,228,33,157,150,23,80,231,41,130,201,23,128,242,116,127,69,48,224,73,54,168,9,2,64,250,234,158,210,193,168,19,7,51,30,105,112,103,63,200,159,39,227,224,78,128,17,204,168,54,231,4,102,77,239,112,90,124,186}},{85,228,22,164,52,136,200,199,202,255,142,165,154,70,145,38,52,232,216,64,38,71,210,131,71,169,50,212,109,71,91,230,98,56,188,173,64,37,75,54,234,83,89,54,204,0,150,182,173,60,73,25,118,121,77,171,15,74,245,10,145,33,81,91,223,110,208,246,230,20,34,202,142,67,247,230,23,42,243,168,51,73,42,106,218,238,183},{23946}},{{{176,177,189,151,167,47,122,93,113,136,146,120,205,228,193,169,225,194,33,182,123,127,222,83,251,54,136,81,171,121,247,120,57,142,65,163,21,248,86,29,101,200,179,205,184,32,77,67,210,171,7,2,36,158,176,9,28,67,132,166,36,128,119,118},{203,115,45,183,125,74,19,214,41,224,68,213,135,252,230,219,108,246,152,164,7,106,2,217,232,21,133,88,24,26,4,62,13,197,33,192,21,174,4,46,224,82,184,193,178,213,158,16,137,147,1,173,236,115,83,198,21,168,23,54,106,216,238,249},{245,109,232,48,104,68,150,170,191,17,6,182,237,39,83,109,166,213,175,159,224,199,62,182,202,64,117,75,65,108,225,211,254,110,214,131,56,120,220,210,239,5,54,183,164,117,35,152,249,77,226,101,84,57,89,44,60,146,71,87,7,15,13,150},{177,169,26,104,44,149,250,109,24,105,75,37,233,103,236,81,210,142,149,145,150,180,23,27,30,49,159,170,158,51,229,83,164,105,160,170,180,100,133,104,119,197,117,8,118,128,255,222,205,119,190,192,94,193,187,70,20,185,225,221,37,25,112,126},{252,161,106,139,35,243,85,211,77,250,85,255,203,73,109,22,49,197,173,168,229,83,8,9,85,188,247,68,40,103,218,115,61,193,51,255,100,171,183,227,200,112,167,107,33,55,253,125,126,95,10,123,218,4,240,56,177,13,213,218,78,208,85,23},{14,25,140,108,27,28,145,1,108,216,240,251,12,238,220,95,127,7,132,112,150,225,58,250,27,99,253,71,24,170,116,132,167,189,195,61,175,172,55,228,247,165,76,90,193,243,72,39,49,64,111,50,207,199,158,207,35,133,253,19,19,120,220,86},{92,191,231,73,18,250,4,126,70,253,220,198,227,109,152,201,228,149,8,125,74,46,166,42,56,17,183,241,67,169,87,247,42,127,158,147,244,172,72,175,116,58,208,204,67,97,202,213,42,159,71,181,46,61,33,238,106,249,128,163,15,246,197,35}},{195,99,187,137,80,149,245,233,154,97,81,170,87,143,181,127,116,108,101,47,247,193,30,158,171,128,173,79,86,40,15,52,28,90,140,248,39,67,199,84,157,247,21,215,253,244,47,208,210,98,204,204,42,173,252,29,200,40,4,9,60,189,124,177,175,181,111,117,93,184,183,189,106,201,95,140,34,39,118,20,43,58,203,11,233,46,147,4,158,32,18,122,238,117,9,117,68,83,45,90,20,11,163,215,164,99,77,25,5,153},{12473}},{{{252,208,253,46,254,179,38,27,183,191,16,219,228,31,114,219,110,179,76,103,66,60,73,212,74,115,164,162,20,73,124,251,109,184,201,9,144,183,110,170,99,43,134,140,134,227,114,240,191,54,153,161,173,237,210,115,16,5,73,88,231,62,168,54},{8,226,195,22,65,105,28,211,79,93,172,179,167,6,11,11,213,68,55,126,62,215,172,142,172,158,130,127,51,78,141,51,37,113,140,240,130,41,67,151,180,188,57,119,122,240,205,136,69,213,127,178,51,251,217,110,127,206,50,156,60,45,98,119},{251,39,67,228,19,7,224,221,192,11,143,143,59,61,240,161,92,206,42,185,39,57,40,52,143,96,129,241,62,31,135,180,66,157,105,73,190,186,89,176,201,91,164,42,197,49,195,167,6,196,151,55,14,85,86,53,82,134,36,187,85,109,31,212},{74,48,99,7,88,6,180,60,51,43,195,166,23,25,232,203,151,55,26,226,192,194,77,178,118,62,123,176,223,237,81,47,100,147,14,89,236,44,9,200,32,53,217,251,39,63,149,142,218,57,192,35,187,50,249,225,241,146,70,111,40,202,188,69},{58,62,110,129,130,50,50,7,205,128,141,64,139,255,38,41,54,90,235,164,131,62,140,251,232,235,145,95,170,206,181,79,129,4,61,117,178,203,255,152,44,51,66,199,164,138,15,17,116,60,27,159,146,35,148,179,116,144,26,149,232,114,99,202},{94,174,84,23,159,207,165,124,242,96,129,35,251,47,34,60,234,118,212,129,185,228,246,222,63,228,108,110,191,21,234,108,176,198,65,193,170,180,33,218,175,249,237,149,210,11,138,244,82,70,179,144,148,105,163,150,4,37,178,79,39,148,58,250},{206,186,249,68,227,221,124,73,102,153,3,37,24,213,214,43,134,162,86,58,190,73,224,240,245,181,49,220,192,90,149,165,230,242,246,31,108,120,209,208,202,168,239,141,10,99,137,151,212,193,89,99,127,132,44,238,182,112,73,43,248,18,71,17}},{242,212,102,88,236,179,130,48,199,103,15,135,90,44,125,147,113,4,201,116,66,188,144,11,249,122,211,62,116,120,1,59,236,230,205,185,152,82,193,110,252,210,14,177,167,18,117,189,138,63,75,163,55,103,248,42,166,175,241,221,251,61,233,146,179,4,71,163},{6942}},{{{247,222,144,225,222,231,59,68,48,218,159,144,74,105,123,11,221,25,169,136,127,226,24,80,167,225,193,136,161,95,221,112,107,224,149,12,50,67,105,83,75,29,84,64,111,82,46,30,160,164,173,178,100,6,217,120,140,57,94,137,173,78,183,89},{246,32,42,226,17,96,108,24,31,253,133,203,106,145,86,80,143,201,113,82,35,195,181,88,230,179,52,93,20,62,25,83,107,169,13,232,165,171,187,83,60,105,6,112,46,9,139,247,181,64,233,131,68,246,60,47,45,87,178,232,8,9,196,3},{152,86,150,102,170,155,13,225,71,120,189,168,204,108,217,191,11,255,226,247,106,140,93,150,9,166,115,28,64,3,66,226,163,182,241,17,34,7,198,253,73,85,88,43,149,243,14,47,149,128,46,46,32,169,83,149,29,235,29,1,42,88,163,27},{132,25,134,32,140,104,98,72,212,241,33,227,58,2,105,169,65,203,133,241,79,117,234,197,106,25,126,11,203,192,121,219,67,220,12,88,71,68,26,193,136,110,211,48,244,86,153,148,120,133,228,50,210,23,9,170,28,210,89,117,250,196,58,108},{238,189,81,164,175,250,125,57,133,76,77,147,225,43,81,167,236,202,181,8,13,104,245,230,224,112,44,242,109,38,122,161,108,37,6,171,138,114,239,24,155,37,45,181,135,83,128,211,92,108,129,205,251,220,130,206,62,129,85,138,4,167,144,54},{110,88,188,232,9,26,232,58,201,131,99,246,234,37,212,203,10,102,125,132,179,111,63,14,83,9,162,29,131,144,138,56,222,135,170,93,222,166,130,30,69,197,219,125,244,225,39,80,215,122,217,243,223,101,4,108,91,242,232,239,203,207,132,107},{162,205,233,166,162,40,176,217,51,175,144,21,103,136,252,196,15,172,199,222,225,238,79,127,200,19,119,40,229,42,33,87,132,194,142,193,91,201,222,69,18,43,112,111,18,130,69,162,175,149,231,4,224,82,97,10,170,100,205,209,81,190,229,243}},{32,58,157,239,227,59,41,208,190,79,194,223,174,46,108,185,27,118,206,230,174,96,17,69,111,196,163,137,35,185,119,95,23,13,73,153,152,242,18,90,187,191,156,212,14,90,239,123,94,39,155,17,145,246,246,148,83,103,253,61,74,125,125,108,231,250,30,162,230,59,193,99,173,187,75,36,68,177,195},{28362}},{{{11,31,44,226,117,191,87,152,6,144,189,231,26,90,5,39,73,168,107,79,17,32,217,160,52,202,39,52,66,205,118,243,87,123,81,80,52,235,233,192,92,187,130,35,121,202,79,82,223,177,68,159,134,12,20,163,117,21,133,39,47,174,26,47},{240,159,157,229,196,208,174,142,39,84,194,58,210,165,226,237,125,72,75,23,245,120,241,244,255,103,188,237,247,253,216,141,170,14,29,110,98,117,37,58,101,152,46,160,27,253,55,211,244,179,194,116,174,163,61,238,80,127,121,29,161,181,252,159},{5,144,48,76,156,74,146,67,109,217,48,191,204,14,128,161,79,234,253,243,200,144,103,208,14,220,78,214,49,237,53,192,104,160,228,230,27,126,189,58,99,111,71,48,198,26,43,25,205,98,151,121,105,38,118,22,173,132,96,88,195,7,99,35},{97,206,130,205,147,47,4,242,211,223,30,220,88,17,12,206,247,162,92,63,157,135,88,242,113,103,215,163,217,31,64,27,138,60,246,158,47,193,94,85,102,233,86,96,5,14,105,19,218,9,254,79,165,213,172,3,145,128,14,160,90,160,147,50},{121,111,206,80,225,92,226,95,79,127,19,64,221,225,25,63,212,26,43,71,136,54,24,47,221,142,92,212,84,207,5,1,150,119,138,213,122,186,126,10,250,87,178,7,154,187,68,162,49,255,241,111,62,165,161,199,114,82,27,189,167,241,49,149},{109,104,94,6,219,110,139,205,89,10,59,139,211,138,48,26,35,49,188,108,143,173,4,33,155,57,182,127,241,134,138,228,66,156,170,137,96,141,243,17,25,177,182,212,180,233,176,1,128,127,19,132,192,61,254,247,28,184,169,11,29,176,138,40},{176,160,89,116,29,6,166,72,114,10,145,159,198,252,73,78,243,233,140,149,47,165,252,23,210,119,165,145,16,137,183,123,149,168,176,155,63,165,254,38,122,207,94,213,60,141,26,37,6,59,135,82,85,136,140,217,28,123,19,51,113,148,123,165}},{113,46,182,212,86,34,14,113,165,18,5,41,81,142,184,189,218,184,204,184,40,164,244,198,98,171,157,233,63,2,37,101,172,116,81,211,203,0,223,17,251,86,255,197,242,100,241,189,106,69,168,7,192,238,233,94,212,229,115,204,187,201,154,234,118,191,32,21,121,167},{43472}},{{{155,36,19,10,135,147,146,36,228,1,191,36,67,73,5,3,230,167,94,214,243,102,208,204,159,127,228,181,160,179,107,220,191,226,16,38,235,60,222,48,37,34,29,161,9,9,31,238,103,22,252,141,201,248,192,128,218,29,152,51,113,26,54,131},{23,64,163,61,224,90,171,78,225,213,94,210,95,152,137,31,211,150,49,96,185,160,235,8,3,251,220,109,6,129,167,26,7,142,45,222,94,169,206,181,29,226,166,88,21,78,200,137,76,27,33,150,40,188,223,137,139,23,206,160,150,32,185,208},{216,230,226,16,230,103,3,159,61,84,142,211,47,205,109,45,144,45,96,37,89,110,170,18,4,73,189,50,214,39,12,92,81,233,211,138,163,128,11,209,80,88,171,173,190,64,110,121,10,112,64,154,250,220,252,242,166,237,163,125,249,245,57,26},{226,107,151,105,117,204,237,201,161,4,252,44,187,247,155,166,81,89,23,235,64,237,20,216,95,29,197,22,151,231,61,157,222,176,17,143,130,191,121,202,148,188,68,221,125,65,161,77,140,132,217,192,52,26,181,196,215,214,200,12,109,116,244,115},{186,49,45,134,194,99,48,163,58,195,249,201,179,42,226,152,142,210,37,5,152,82,11,65,251,206,89,146,168,66,211,114,94,30,197,155,105,34,229,214,30,131,133,216,167,16,163,201,140,8,202,192,160,2,240,18,61,238,106,107,183,129,31,21},{168,73,237,204,212,156,112,78,68,82,94,64,136,88,4,161,234,145,181,120,112,152,205,22,173,37,109,21,155,11,110,237,18,202,184,70,31,140,69,30,56,105,47,248,26,6,40,51,78,248,226,210,61,173,64,189,59,103,30,209,227,112,39,34},{120,160,145,157,118,153,56,244,166,79,24,145,54,108,138,111,17,238,248,229,135,181,67,150,189,16,243,125,105,111,186,126,49,89,227,91,55,159,64,201,234,36,128,194,165,232,195,68,42,13,128,244,96,241,133,182,202,213,131,46,54,232,252,220}},{239,16,184,185,11,213,63,26,59,141,170,194,83,6,155,21,82,68,92,167,5,12,243,204,206,138,82,239,69,51,16,93,238,181,193,88,189,220,214,238,138,131,251,52,199,189,58,142,150,158,167,85,202,198,50,23,75,98,211,90,232,102,10,94,152,56,91,64,170,229,251,72,3,62,121,214,204,161,166,8,138,43,134,136,198,135,182,239,7,139,70,28,122,121,210,76,108,134},{53047}},{{{128,225,247,209,219,247,210,204,71,91,233,196,217,244,68,211,60,3,181,169,60,177,100,188,133,12,20,199,27,241,103,28,20,37,42,202,50,34,114,207,253,210,165,185,99,147,165,137,127,133,132,186,164,189,130,129,198,29,234,78,228,180,85,204},{158,187,198,255,167,135,155,66,122,102,147,157,68,136,118,28,53,194,162,166,59,82,228,98,10,124,117,56,143,195,161,255,15,246,184,195,12,84,40,169,66,219,96,231,235,240,209,19,41,247,211,250,43,54,138,175,235,6,135,232,17,231,167,113},{116,120,132,103,218,8,96,83,160,204,44,17,177,225,84,240,195,41,246,43,167,76,149,93,74,197,130,199,38,242,57,153,46,53,211,117,12,250,227,55,60,119,210,176,83,103,255,225,206,233,147,121,85,155,209,92,34,209,85,140,57,161,63,242},{105,60,177,77,22,132,42,55,232,138,18,112,149,20,66,98,39,71,82,136,61,194,108,226,175,239,94,117,52,48,16,78,63,136,82,80,76,85,155,29,208,53,86,46,79,15,61,109,87,57,200,213,126,163,60,208,15,142,163,160,110,229,16,196},{147,15,2,131,155,219,40,51,47,208,44,21,174,177,137,136,77,195,143,194,5,173,219,16,70,112,247,46,150,214,198,135,136,240,74,31,201,175,133,149,177,4,177,40,56,126,173,150,44,125,145,179,135,90,166,230,213,108,248,183,195,177,10,125},{227,87,212,197,20,82,104,59,153,167,70,108,1,67,144,19,96,70,2,126,205,45,83,161,119,148,243,223,67,11,103,44,93,15,44,231,187,171,240,18,237,221,199,187,47,247,136,18,148,31,14,173,18,57,243,82,76,187,224,196,51,82,183,235},{120,110,207,91,40,64,134,163,203,232,44,205,210,148,221,243,1,44,124,95,127,233,241,243,135,248,80,201,225,134,80,204,31,238,253,241,111,5,165,112,243,166,193,153,19,125,216,190,35,87,181,227,125,22,36,103,49,23,115,254,11,154,231,68}},{17,149,137,42,36,2,122,39,158,111,123,119,233,221,65,222,95,44,63,130,35,190,94,133,10,161,116,119,178,53,76,196,83,217,218,1,212,40,239,177,155,33,179,229,104,45,138,99,95,10,126,198,152,39,131,90,86,159,138,132,182,141,115,182,41,88,141,14,23,244,162,37,231,151,119,201,47,157,125,123,108,222,171,97,206},{18270}},{{{80,112,31,226,254,225,180,60,246,158,160,57,124,76,234,132,251,52,83,103,249,64,225,6,128,61,254,78,103,144,93,235,248,113,15,146,164,52,4,110,151,93,199,201,120,37,167,14,225,54,169,241,188,56,193,76,153,3,11,40,76,18,122,40},{150,215,159,76,162,178,185,52,69,202,46,210,44,191,75,188,123,161,108,135,103,70,115,164,252,166,244,137,119,204,227,245,46,18,84,222,77,80,160,220,187,17,163,173,241,113,138,38,102,63,86,127,205,229,226,179,57,98,146,204,160,42,47,135},{199,112,1,3,119,229,157,152,191,230,252,14,21,227,236,146,228,242,47,179,233,105,215,190,115,114,28,164,92,1,1,84,104,125,148,130,140,97,228,68,239,227,98,198,26,81,57,45,119,173,46,51,240,159,166,57,215,141,138,118,15,199,102,45},{223,36,176,143,220,187,108,180,240,31,224,18,73,98,31,101,134,242,229,64,13,48,203,2,203,57,156,56,91,144,49,123,20,12,180,68,200,28,112,217,60,249,101,181,38,135,75,65,227,215,59,118,67,35,170,155,221,65,24,249,104,161,136,53},{231,205,85,107,9,91,156,192,63,105,202,70,151,126,229,142,48,141,245,251,147,70,99,3,139,197,187,35,136,231,144,147,61,15,221,168,172,21,201,228,54,149,191,149,50,79,139,86,238,97,3,65,139,139,244,124,66,252,188,137,172,156,24,212},{82,188,181,172,221,92,229,229,131,176,169,229,19,124,3,185,13,22,84,52,181,13,194,249,228,115,221,219,213,204,194,167,188,231,242,176,102,90,6,52,32,92,253,244,189,68,129,204,198,116,192,231,193,198,182,217,114,14,243,191,219,243,70,47},{240,84,118,166,237,30,137,52,253,192,86,108,125,145,142,134,65,250,251,206,4,200,8,233,122,215,25,195,230,24,63,106,200,35,121,182,93,239,116,252,82,36,180,9,158,78,218,1,55,169,65,183,78,154,45,57,240,68,254,208,45,122,156,255}},{10,37,116,160,208,49,102,14,18,110,200,234,11,247,104,83,141,240,67,181,28,38,121,16,40,57,86,174,133,22,188,9,177,33,252,140,253,205,157,246,247,0,214,82,116,86,218,75,39,208,110,254,224,161,70,156,34,42,19,49,240,166,75,253,111,160,0,92,153,0,172,166,227,144},{30592}},{{{217,183,196,172,50,60,212,75,184,129,186,20,19,215,104,217,69,45,159,148,201,30,238,14,222,36,116,68,153,75,187,216,239,148,153,80,57,224,165,239,71,250,41,48,60,123,129,44,183,208,18,103,158,71,156,21,246,168,205,101,84,120,202,50},{231,56,220,54,61,99,225,193,176,204,46,78,229,49,121,19,181,126,70,90,166,109,72,170,243,119,77,178,118,63,103,141,172,56,230,170,255,209,221,29,202,17,135,51,161,223,172,76,63,73,109,13,111,28,43,161,235,4,243,122,25,148,136,217},{53,45,160,172,135,186,128,69,176,195,140,61,168,169,148,149,191,125,15,196,207,238,153,161,104,89,76,216,12,9,242,208,70,36,185,158,46,191,188,2,26,93,214,21,95,168,164,137,188,58,190,68,115,48,116,35,85,74,1,85,84,24,174,181},{237,43,159,94,108,200,113,225,111,242,136,174,26,110,201,239,26,153,12,98,139,184,190,229,90,211,153,98,29,146,48,131,47,33,75,125,3,72,217,174,97,150,22,230,58,130,72,122,238,203,160,232,200,31,169,163,15,240,168,22,225,217,136,19},{123,158,4,121,201,53,243,29,131,179,109,163,232,237,204,186,57,206,37,250,209,24,168,191,58,179,98,102,234,1,208,216,88,147,95,87,4,23,82,204,202,110,10,226,63,231,96,174,208,147,32,127,233,231,47,245,178,175,44,193,251,113,183,193},{12,91,148,229,175,29,156,39,176,22,59,252,1,102,8,148,154,175,79,154,189,19,77,51,138,141,17,101,121,7,20,145,241,158,114,215,56,224,169,30,232,37,108,211,176,85,184,46,48,33,196,4,4,92,71,10,55,48,246,209,220,227,232,92},{107,168,164,182,18,115,144,107,95,160,238,167,205,168,207,154,78,51,42,190,63,145,156,18,25,149,252,88,210,27,22,174,191,126,246,254,77,90,72,250,90,233,54,72,159,114,215,185,16,158,144,138,154,190,226,203,3,170,94,162,239,197,69,185}},{112,209,77,105,71,54,104,60,115,206,213,147,205,213,96,139,17,142,172,4,125,112,236,95,210,43,140,226,133,201,109,169,209,188,137,196,166,85,23,147,192,162,229,24,90,148,252,11,126,34,66,162,57,72,9,147,39,215,29,186,47,194,182,244,67,44,220,28,6,97,171,150,65,185,229,148,186,252,25,178,67,216,3,114,79,174,67,216,190,159,36,246,151,162,35,253,103,26,162},{50667}},{{{55,190,231,250,188,86,86,46,148,233,206,248,44,241,7,197,32,146,56,13,216,227,129,210,220,180,218,34,88,168,74,89,117,91,204,238,106,220,116,146,168,29,180,193,159,198,227,74,122,231,187,82,93,246,179,5,57,145,89,36,134,207,211,85},{123,200,188,189,116,150,201,217,4,201,124,7,74,191,62,148,122,18,180,166,242,91,213,189,242,96,154,198,116,210,48,222,110,104,231,60,170,7,101,65,171,15,20,126,127,79,123,239,167,145,179,225,228,76,245,145,57,49,231,203,52,68,114,44},{248,226,132,161,191,166,88,209,79,219,73,149,78,245,228,81,186,1,83,232,45,13,28,115,161,116,167,80,232,236,73,202,243,234,244,123,46,99,249,5,120,98,203,148,65,77,69,248,86,55,11,131,99,100,191,247,75,97,53,94,46,221,53,4},{224,6,33,189,197,116,177,197,133,149,218,84,241,33,145,254,61,70,232,139,52,58,125,218,100,110,211,116,146,50,106,234,73,143,173,238,129,223,203,110,43,89,10,6,6,188,41,185,243,135,8,174,104,218,69,204,114,252,35,222,75,39,104,238},{129,152,134,100,230,146,44,222,247,15,16,248,195,33,8,170,79,227,135,210,20,160,235,46,190,139,166,170,33,252,142,221,41,124,126,96,235,38,226,137,158,71,173,10,42,86,220,160,104,124,96,41,249,82,194,25,8,48,184,46,197,209,105,213},{234,53,234,39,127,46,235,118,203,115,208,255,6,151,112,98,171,40,31,125,24,60,179,64,107,205,46,250,173,141,244,234,210,236,61,224,113,229,91,251,151,87,17,173,40,180,211,145,200,141,204,163,100,201,46,76,136,184,137,100,229,80,20,247},{10,36,235,243,143,207,128,196,66,1,150,81,242,22,202,149,132,101,16,66,40,234,141,209,233,246,225,62,48,16,76,171,147,158,238,234,233,60,49,79,114,221,67,194,182,83,39,229,107,7,225,213,3,116,5,195,159,87,34,145,255,113,126,169}},{63,197,96,14,100,88,182,244,60,38,161,166,107,80,248,179,214,188,56,240,110,207,139,116,87,244,23,0,43,70,105,38,23,186,111,112,147,151,186,64,33,12,250,181,251,140,8,16,99,181,5,223,153,70,209,23,147,91,106,239,255,126,8,151,16,3,5,44,151,2,211,254,133,157,64,119,27,235,23,211,29,153,63,42,5,30,69,213,129,10},{11158}},{{{102,173,114,106,138,4,250,230,86,111,161,159,222,237,42,227,152,32,64,193,235,76,199,109,205,32,90,227,221,86,230,44,159,205,196,175,139,222,52,248,15,2,205,80,200,90,123,89,112,121,160,213,119,84,174,73,41,129,214,211,212,243,46,186},{25,132,229,47,255,20,162,88,234,160,112,227,124,10,84,140,166,132,99,192,81,171,156,177,168,198,226,56,250,21,197,149,162,195,174,72,132,79,198,142,136,56,224,59,222,27,240,31,133,211,97,13,199,96,253,238,16,183,167,193,164,106,202,123},{88,117,153,134,198,58,238,165,90,104,117,246,247,151,112,149,120,4,110,216,214,72,7,245,25,234,204,170,68,159,99,79,180,193,174,246,254,184,90,155,19,243,39,206,45,121,115,5,115,161,122,53,36,173,8,89,48,187,96,219,81,100,69,55},{7,241,247,59,178,11,125,206,134,22,104,6,102,174,244,20,152,202,241,23,43,76,31,172,243,35,140,56,212,251,215,43,17,105,217,123,237,194,219,239,62,77,143,146,79,42,221,128,35,203,170,126,124,12,136,230,220,116,188,234,29,228,205,170},{52,177,130,50,243,78,80,181,131,108,52,170,73,24,222,231,183,141,182,162,178,28,236,3,2,177,37,81,248,182,55,52,29,50,170,176,223,39,64,239,253,251,121,240,245,113,134,38,12,148,61,243,169,141,224,204,201,209,194,227,30,163,146,88},{157,2,212,133,144,118,115,127,233,35,104,220,59,86,28,112,233,228,148,1,48,113,2,95,45,111,154,180,202,89,75,104,104,2,139,146,177,240,150,94,198,82,161,244,102,118,22,89,114,60,72,106,123,113,165,25,65,214,67,22,238,177,227,232},{253,126,108,17,212,41,14,19,59,168,202,44,141,61,110,123,36,202,176,243,70,35,223,123,158,252,212,165,196,244,22,91,201,23,140,146,48,114,161,152,137,145,124,179,116,242,95,75,135,22,98,249,143,16,197,178,62,85,201,170,143,87,43,26}},{99,41,78,109,223,63,76,254,203,113,16,35,100,176,127,90,17,9,42,96,87,205,102,149,170,187,181,2,239,127,123,83,34,51,66,27,138,134,107,213,26,42,48,122,109,59,126,144,204,68,212,66,91,253,7,253,167,18,70,218,219,15,14,56,197,162,248,218,182,161,220,134,222,96,139,56,55,98,179,3,254,176,76,70,166,195,117,198,109,10,9,214,124,29,43,102,15,6,189,165,203,160,80,62,21,88,104,105,246},{32264}},{{{64,7,160,173,138,171,122,34,17,68,153,73,251,121,38,137,93,237,223,67,53,249,181,190,142,218,222,189,150,110,220,194,27,213,153,101,255,167,199,187,123,171,168,91,75,138,98,190,3,84,178,23,51,171,237,13,126,143,235,21,219,12,243,37},{197,60,1,160,130,219,190,128,93,191,49,165,130,239,54,58,79,16,35,252,54,230,114,60,102,22,244,178,18,60,199,45,73,40,254,60,196,110,253,48,117,152,245,189,59,54,99,252,157,177,56,143,142,7,198,130,34,143,71,252,62,98,67,231},{75,172,49,48,44,85,10,254,240,130,122,209,59,37,30,232,191,214,3,25,145,40,100,243,224,47,113,149,71,124,50,212,98,103,180,243,210,169,42,62,6,204,29,93,11,180,183,96,20,244,197,244,147,168,16,185,53,137,176,69,160,116,12,172},{8,106,191,22,33,74,67,38,221,216,89,121,198,120,7,32,146,121,105,233,82,114,99,203,114,144,228,74,247,17,97,33,193,22,231,7,65,42,31,18,214,1,149,152,207,162,115,195,255,180,233,91,139,237,176,49,200,240,186,150,151,147,57,251},{64,10,126,213,245,109,18,224,185,87,120,180,111,66,234,148,150,135,202,126,151,60,121,3,97,54,128,59,10,70,213,94,151,92,10,38,56,2,87,160,123,186,30,7,59,163,222,253,122,156,201,177,131,122,248,195,68,10,192,133,2,142,152,38},{59,204,218,176,229,156,142,222,148,50,134,248,43,101,170,91,15,229,88,18,253,38,12,83,110,158,18,97,198,168,209,100,10,44,231,134,26,237,78,213,193,191,84,142,208,224,155,96,180,191,110,25,101,226,154,237,192,144,195,22,201,30,198,189},{68,207,118,143,199,192,91,189,25,126,204,100,81,81,5,126,78,50,23,103,88,225,110,184,137,72,182,134,1,58,244,2,214,179,48,175,32,118,179,16,129,69,143,202,237,9,243,93,19,149,27,130,197,251,49,165,221,122,16,225,233,196,37,223}},{116,137,119,78,243,39,214,199,19,175,211,127,67,173,197,26,203,195,209,80,155,180,231,141,135,224,13,72,104,123,129,54,185,83,139,181,245,134,92,131,141,30,149,2,26,188,216,50,25,177,166,255,63,1,100,179,226,8,31,141,104,193,107,175,21,228,164,90,151,204,228,205,84,19,110,103,40,139,143,21,46,34,178,96,69,99,10,156,217,216,107,205,142,216},{43415}},{{{48,172,54,55,40,160,57,241,233,213,168,246,254,161,188,117,26,214,42,2,252,231,169,122,25,235,241,139,13,75,184,15,227,144,28,1,204,153,52,83,39,214,32,152,183,136,140,5,112,200,84,212,27,106,35,173,45,216,162,213,92,21,219,255},{209,97,179,148,207,161,23,173,100,15,186,126,178,237,251,145,155,161,196,225,244,133,110,242,234,153,80,150,27,32,23,101,176,116,134,106,154,85,110,135,151,223,231,229,64,1,129,192,104,11,102,131,196,58,116,70,4,98,242,95,68,30,241,111},{186,174,35,32,67,63,27,232,121,188,152,215,46,158,176,17,79,158,209,143,218,174,180,185,42,102,15,161,162,139,173,27,238,104,38,210,56,95,40,177,34,162,68,204,5,35,67,238,249,136,189,30,118,166,93,221,241,73,149,136,126,208,167,7},{140,238,154,40,53,186,237,190,186,83,142,77,56,36,9,100,200,202,86,127,74,116,79,51,244,75,127,39,99,188,117,146,15,73,206,251,86,180,68,185,206,35,158,17,83,49,33,46,214,39,46,191,218,202,160,208,87,144,174,119,170,5,4,181},{64,146,165,167,39,121,204,137,46,123,126,236,247,7,194,100,45,9,70,49,54,152,133,25,177,62,116,57,251,31,153,224,67,179,141,2,56,43,226,155,172,44,247,101,89,71,221,13,212,201,14,167,32,74,142,82,170,177,169,161,1,234,158,26},{255,131,18,60,90,53,196,46,228,1,251,116,68,122,229,49,231,80,220,133,228,75,72,118,244,8,175,48,100,212,94,15,47,158,172,192,162,115,151,177,8,240,197,18,63,65,174,3,173,12,154,92,191,251,12,135,33,76,74,224,218,36,71,44},{181,118,142,212,32,5,136,128,159,253,54,101,125,156,152,180,166,49,49,100,33,88,96,111,218,172,30,196,189,136,25,169,14,84,44,76,208,154,11,122,251,173,208,159,83,132,59,144,1,133,228,83,41,56,83,202,102,60,116,246,106,49,167,76}},{218,150,208,85,98,158,243,67,13,243,119,205,78,37,24,185,216,74,87,122,42,78,152,68,79,144,215,246,215,149,201,221,176,22,239,112,113,11,192,154,224,111,77,188,3,152,16,214,206,109,133,201,157,248,206,14,221,86,225,47,226,49,225,220,201,12,222,14,92,90,209,13},{40194}},{{{131,198,248,244,147,148,249,25,150,29,52,210,93,36,126,167,71,62,1,89,14,194,62,189,126,136,161,116,106,16,13,228,9,113,51,122,214,106,36,40,220,131,156,111,120,94,27,114,115,37,241,226,38,120,125,228,131,213,233,112,33,129,39,76},{225,222,24,135,192,88,179,88,161,176,113,115,185,121,100,185,224,71,119,26,67,218,92,14,159,171,142,100,159,173,188,62,233,11,255,37,53,237,255,189,149,163,162,108,135,137,228,32,54,252,134,214,92,7,191,130,48,215,189,117,177,178,96,171},{90,95,82,14,2,163,228,18,222,37,118,176,246,233,238,120,249,50,76,3,49,200,130,217,223,109,208,213,136,223,220,12,140,244,172,144,149,248,175,157,147,88,64,116,204,71,200,16,164,207,199,226,43,168,31,99,68,67,220,94,43,63,97,82},{219,61,178,127,109,164,220,141,35,31,219,31,208,252,44,223,250,27,36,56,1,229,6,196,196,201,159,225,228,174,80,79,231,61,135,245,34,171,63,41,194,38,29,147,25,51,3,223,62,181,46,88,33,184,163,89,87,175,118,1,87,116,20,96},{205,52,134,71,203,253,212,10,252,248,245,86,53,116,31,106,233,15,144,93,215,169,173,84,43,72,3,21,144,203,55,209,165,58,30,93,122,85,196,48,139,166,152,158,175,205,17,13,220,201,38,96,142,141,188,33,177,55,185,249,251,219,231,15},{59,216,226,210,51,123,41,109,106,204,186,148,47,136,193,210,110,61,31,26,125,192,208,239,34,106,173,253,93,198,174,60,150,113,146,34,182,142,206,87,218,60,85,49,184,85,140,247,94,238,81,121,137,165,61,188,254,184,196,108,147,110,247,153},{19,192,154,178,190,116,255,193,136,151,85,69,76,42,214,203,36,151,1,189,239,219,193,187,53,10,167,110,246,142,220,20,247,242,86,105,59,24,206,165,10,213,150,224,88,223,155,177,79,197,47,157,62,248,139,110,236,197,79,246,223,104,167,79}},{157,224,183,84,23,113,243,106,165,136,35,37,59,6,15,34,192,96,99,244,19,69,252,141,5,169,219,230,62,241,5,65,155,231,57,218,129,61,89,196,89,228,86,158,96,42,113,0,209,44,31,119,10,103,138,210,102,189,43,94,87,202,64,237,103,175,90,228,109,169,64,169,16,14,94,226,147,190,239,80,110,203,150,100,181,183,182,148,64,194,107,64,93,132,66,197,163,132,243,211,125,16,121,15,104,157,211,5,24,62,14,12},{24397}},{{{215,128,26,57,198,104,24,43,40,149,17,48,70,202,237,33,135,43,243,128,122,212,247,132,232,19,214,229,53,197,224,101,208,157,215,96,37,108,67,249,165,25,157,232,96,118,179,41,223,49,16,44,22,59,116,221,25,42,55,187,156,202,142,10},{123,106,172,200,170,107,119,151,58,214,145,46,237,1,153,231,199,234,244,81,240,183,171,114,226,164,128,230,149,135,169,158,142,65,191,100,61,68,191,166,17,244,63,38,56,36,210,134,219,115,17,213,204,121,186,128,148,11,107,252,223,76,229,82},{55,251,251,13,244,104,221,240,104,162,218,196,83,1,110,241,239,27,22,212,120,74,184,160,238,170,238,189,219,30,79,252,35,27,85,155,192,48,48,56,155,3,24,51,176,194,79,237,132,1,56,78,75,3,200,29,193,220,207,89,76,71,177,57},{75,17,44,142,117,241,105,110,202,9,255,120,83,128,158,55,245,9,160,162,170,47,172,166,50,86,123,48,240,62,233,50,144,120,46,152,184,241,58,160,240,11,219,254,69,103,186,23,117,144,152,177,177,77,30,87,152,79,188,187,99,92,34,94},{174,242,96,194,215,223,24,61,103,102,160,59,84,95,26,213,219,64,47,52,227,116,96,53,64,19,248,138,119,110,19,198,18,117,85,221,214,179,29,226,245,207,254,246,55,202,91,104,253,188,159,234,29,30,61,2,18,207,102,213,171,213,153,197},{6,155,70,241,161,166,196,32,51,174,25,190,24,122,188,47,210,36,145,66,132,92,180,72,35,221,156,104,133,85,67,232,44,230,27,139,115,183,212,215,250,131,112,178,42,135,150,120,166,255,23,37,175,69,116,117,132,142,48,228,45,54,88,69},{202,233,137,198,246,193,243,60,107,91,26,11,175,96,49,71,89,233,194,37,139,113,84,71,238,79,75,12,25,205,63,136,104,225,231,4,215,142,174,15,25,75,241,49,64,61,151,185,160,170,1,140,185,123,222,72,174,59,184,115,245,142,9,92}},{104,1,137,8,177,81,91,175,210,63,65,141,159,254,47,202,13,196,245,9,11,95,165,167,81,25,83,112,28,68,62,237,34,68,172,151,78,237,214,132,97,201,131,27,8,16,136,158,146,121,243,193,18,34,5,200,144,74,57,123,208,78,106,100,37,167,135,37,219,62,60,214,153,95,141,156,249,51,185,30,28,137,243,25,45,156,34,109,0,74,26,224,101,81,141,100,119,135,84,134},{48765}},{{{222,177,152,121,225,71,127,38,243,124,129,101,167,35,171,29,24,86,60,103,184,173,64,55,25,235,40,42,107,41,22,249,164,174,40,92,99,78,200,107,67,45,108,39,151,254,44,234,47,110,189,186,18,96,230,246,196,215,70,208,59,131,193,180},{112,222,88,160,182,3,193,67,63,71,102,206,67,140,251,244,254,79,163,187,24,214,89,13,42,214,92,101,45,102,125,19,166,213,190,70,39,111,112,239,12,201,121,72,45,241,62,44,174,138,226,129,31,41,110,99,229,154,150,3,177,23,47,248},{175,19,36,149,66,62,114,31,90,210,61,251,182,112,216,47,128,96,59,45,206,251,244,225,129,24,77,1,176,190,86,154,42,6,110,66,79,250,205,43,81,231,189,173,46,63,156,203,244,61,110,185,24,10,89,72,1,175,29,196,56,218,218,185},{203,45,49,26,218,146,82,199,68,152,78,226,52,125,35,201,215,152,139,82,151,86,238,4,81,70,242,39,243,243,89,188,130,247,87,142,214,18,137,116,81,50,13,199,236,62,5,2,119,62,20,214,171,111,208,86,7,59,157,147,156,106,161,53},{239,45,51,24,225,123,244,68,104,244,5,28,140,100,17,62,143,203,28,102,101,166,243,96,216,165,237,126,243,198,34,93,50,209,243,18,41,215,106,142,202,151,107,44,216,195,106,159,43,187,114,43,8,50,11,254,230,161,15,175,128,119,124,131},{182,193,95,172,67,224,167,67,141,10,179,118,100,121,197,99,9,70,141,233,180,100,218,63,89,86,235,168,38,66,205,180,224,89,87,81,66,83,125,233,97,255,126,162,67,237,132,112,132,244,27,6,110,240,224,199,192,165,171,183,57,38,115,248},{108,18,134,125,219,123,125,33,185,127,198,81,240,223,28,64,37,106,123,82,190,246,214,95,116,243,113,47,208,114,119,235,73,25,29,15,223,214,218,244,67,175,19,136,167,217,29,84,154,52,69,82,173,241,228,89,109,61,239,230,173,96,155,32}},{192,219,157,41,40,193,19,238,218,183,165,74,220,36,177,121,188,87,194,187,149,212,216,212,4,220,54,46,72,20,218,132,46,103,32,56,65,15,80,182,50,110,25,214,63,106,180,19,35,152,174,48,18,97,19,14,248,2,63,49,196,239,226,232},{9243}},{{{122,46,159,250,204,70,125,51,151,125,145,105,39,10,31,20,42,140,223,79,220,141,149,9,20,124,173,144,97,156,46,236,48,51,59,70,186,85,44,89,91,24,202,227,206,91,12,147,87,119,102,255,145,204,7,253,58,110,137,219,191,32,33,39},{254,130,209,243,86,247,29,200,100,128,151,247,59,76,96,142,85,96,79,121,181,108,238,205,29,138,132,194,250,173,152,91,3,81,164,21,12,151,193,165,40,45,238,171,218,33,47,65,195,155,29,237,215,232,205,95,176,155,94,123,150,98,102,190},{124,116,99,149,251,138,93,103,223,54,254,3,8,185,133,166,97,168,250,120,140,152,206,178,104,230,114,170,79,194,35,55,182,210,106,75,103,1,89,169,237,219,208,136,168,94,100,98,160,50,33,248,135,29,100,65,198,238,151,18,70,70,144,118},{225,104,219,192,22,228,114,99,198,118,163,128,196,142,205,7,197,179,208,159,171,126,188,173,171,122,153,33,27,131,214,24,59,33,200,250,186,213,168,86,130,78,38,185,7,52,159,195,98,92,37,90,28,87,131,110,15,195,39,115,201,252,10,178},{205,175,240,80,128,117,143,96,140,108,161,209,205,103,195,112,120,18,100,175,105,194,220,56,72,75,150,195,34,254,223,224,45,32,182,39,7,162,96,241,152,210,157,9,229,45,90,7,238,131,191,26,25,9,125,13,138,172,255,211,168,189,110,74},{253,160,223,156,128,105,182,230,15,157,145,135,100,197,58,204,238,92,127,119,105,216,231,233,35,173,129,91,131,93,68,63,123,143,33,197,191,72,137,198,95,33,16,94,129,196,16,75,103,206,225,123,230,61,86,47,149,245,160,216,177,91,38,154},{252,241,196,178,103,66,23,208,18,27,137,144,185,235,1,99,57,102,150,115,103,105,80,132,25,145,22,147,156,5,37,18,181,133,153,38,93,131,135,183,237,94,121,23,76,197,73,243,68,145,189,228,111,53,84,41,224,8,93,109,100,244,236,71}},{58,229,146,149,179,8,63,92,65,205,82,196,169,63,99,240,35,52,27,146,120,32,5,32,242,58,198,170,228,89,37,182,3,237,142,233,207,187,113,130,128,85,224,60,223,254,243,146,213,6,244,74,132,49,165,254,214,183,231,143,6,46,81,45,253,84,7,126,250,37,16,110,149,122,83,37,154,41,249,120,52,97,190,21,144,93,100,52,4,157,236,180,143,99,22,254,198,181,227,5,149,35,35,252,115,103,179,121,161},{53466}},{{{111,198,245,83,110,179,147,69,45,221,177,23,220,136,155,130,43,128,143,141,246,116,222,202,44,217,84,203,130,86,198,47,180,56,60,28,240,132,182,102,254,124,10,214,57,77,254,120,236,237,100,112,175,98,148,106,49,124,52,12,198,21,74,166},{166,36,252,204,71,130,166,156,194,255,101,136,213,154,2,43,239,137,86,91,54,62,89,112,194,113,20,61,226,191,22,124,131,70,112,32,252,41,127,167,205,81,244,133,127,213,148,91,97,241,176,57,251,67,136,102,247,152,24,155,121,127,28,141},{77,140,51,109,163,164,169,135,203,1,26,213,47,85,17,75,124,32,226,178,113,146,134,252,161,29,167,238,44,173,150,211,190,1,241,99,4,222,247,134,37,85,72,75,73,11,168,131,1,220,169,122,190,11,217,60,210,143,255,86,125,231,81,95},{149,190,178,38,12,94,16,236,189,211,239,128,116,251,165,11,66,67,42,181,59,46,38,195,163,224,87,177,245,81,236,147,76,97,41,32,114,20,243,219,132,227,87,78,9,135,213,60,38,14,236,149,95,158,110,30,183,234,218,29,166,84,221,53},{194,252,120,255,107,247,168,76,112,43,1,92,69,34,44,32,229,118,84,114,116,42,143,43,181,205,231,224,109,128,192,151,67,235,224,67,19,253,107,203,157,130,149,235,70,36,231,110,198,67,242,140,166,179,207,116,94,227,252,110,54,139,13,222},{41,34,189,115,52,227,216,102,199,59,159,214,165,50,11,134,183,255,236,223,82,45,204,122,85,211,74,177,142,208,149,136,105,17,139,186,51,98,187,47,224,239,104,64,32,144,83,30,134,97,75,53,31,173,62,160,207,237,210,77,198,28,155,103},{138,210,191,45,114,103,21,245,46,8,143,244,24,136,54,139,122,92,44,3,39,15,175,76,59,91,246,234,167,234,160,156,221,10,156,122,205,42,246,168,60,71,229,149,67,151,109,218,94,39,232,234,123,224,231,127,13,10,41,192,190,7,232,27}},{124,114,239,244,221,109,232,61,18,216,199,24,71,246,239,95,178,169,120,205,124,195,199,147,23,123,164,119,146,187,166,253,179,172,206,235,119,210,142,107,91,152,255,28,158,64,253,240,141,40,68,75,125,230,228,178,119,6,61,243,237,22,243,30,117,47,170,206,200,216,165,9,240,112,44,44,142,161,94,31,133,150,157,24,3,175,129,54,146,207,84,130},{54675}},{{{250,84,4,6,104,105,167,52,13,107,209,237,31,79,127,18,202,151,160,136,89,133,181,67,174,107,214,149,94,217,2,229,155,185,183,131,11,78,72,103,158,177,186,16,31,171,178,87,246,130,85,3,64,72,242,157,78,152,78,176,235,49,181,227},{213,84,145,8,180,63,3,186,141,74,116,77,174,156,19,214,141,241,81,70,229,133,168,220,88,106,223,117,131,59,121,172,195,183,231,177,30,61,153,190,254,100,159,150,14,221,15,253,192,37,66,134,168,131,245,123,194,43,183,175,50,134,69,47},{215,70,248,246,124,185,59,159,51,209,23,122,78,162,55,125,113,77,75,108,54,29,203,162,131,178,185,41,88,5,98,212,131,101,39,237,195,244,247,116,128,192,58,37,119,81,143,8,75,136,115,5,11,122,166,16,7,144,128,37,230,60,156,215},{181,67,166,155,153,105,13,159,177,7,135,78,156,38,83,215,244,19,154,175,35,182,37,121,97,49,66,43,236,60,41,119,47,174,209,202,188,154,92,255,38,2,33,255,224,210,190,23,100,149,218,76,239,160,250,168,165,221,221,227,30,71,168,133},{144,205,244,135,2,213,231,11,99,176,15,161,130,237,150,255,66,214,112,174,217,84,123,144,159,175,174,232,122,168,244,84,164,62,31,10,48,153,151,38,87,92,205,163,82,178,239,197,225,215,69,183,218,207,159,53,139,142,105,134,163,147,136,195},{191,26,64,26,221,250,32,239,29,52,52,115,64,67,179,195,123,43,25,204,51,169,247,1,239,69,129,66,188,76,184,165,99,26,225,225,124,9,120,152,252,95,24,116,139,162,55,187,50,226,104,128,134,152,137,163,134,126,228,236,209,255,39,15},{176,93,194,187,229,172,48,245,154,224,248,148,150,116,181,12,235,182,109,50,234,128,115,169,147,157,198,218,44,91,211,146,242,110,50,26,204,70,161,45,252,227,24,110,155,99,170,121,211,233,144,210,14,99,150,5,65,94,133,133,21,239,204,41}},{5,67,72,134,212,193,81,74,65,140,56,137,171,30,15,212,84,207,129,75,119,219,183,245,63,108,99,98,90,156,98,246,20,162,64,243,20,213,200,35,58,203,27,176,151,184,138,153,169,138,186,161,205,212,229,135,98,216,212,81,205,48,17,185,140,19,86,66,74,63,94,152,144,239,160,131,1,53,253,62,236,3,220,172,100,252,21,38,217,138,154,26,122,144,147,254,113,45,113,83,239,75,146,183,171,234,58,57,211,153,111,240,93,162,218,134,82,62,72,210},{48346}},{{{117,151,247,158,183,77,220,38,96,120,180,2,227,179,247,18,20,140,153,42,245,125,68,97,197,80,75,230,207,250,109,142,232,196,196,165,101,160,57,80,165,84,12,181,163,222,81,232,163,241,106,200,110,132,102,186,50,1,87,187,33,25,105,23},{222,138,142,106,4,187,247,61,230,99,37,108,91,160,69,174,55,95,244,188,181,113,78,127,246,229,84,221,222,49,242,108,224,195,69,25,170,247,139,3,73,220,247,204,178,136,128,24,174,3,162,226,147,154,17,27,64,239,6,205,167,88,145,5},{5,89,219,16,32,19,15,228,134,43,213,191,148,253,158,183,3,40,137,172,53,251,217,45,246,238,33,123,18,66,102,213,138,220,85,234,178,190,20,240,17,53,108,210,216,172,245,171,126,84,152,174,202,50,213,140,53,225,38,181,50,127,155,56},{12,245,80,144,209,188,105,164,138,242,93,123,18,177,114,111,66,105,202,70,214,133,204,85,112,81,59,133,59,228,6,112,165,63,124,9,48,120,33,180,176,73,245,133,252,44,83,112,206,144,243,106,203,166,120,81,115,238,152,12,108,129,133,172},{141,156,139,187,105,240,81,145,34,97,110,165,215,138,83,69,144,134,37,186,27,1,151,69,145,13,93,227,158,33,94,33,241,70,11,113,42,239,181,237,49,71,134,59,215,27,154,2,136,101,56,68,34,241,63,213,174,77,172,221,53,251,156,194},{192,193,65,54,177,62,113,163,219,187,223,116,185,148,162,214,124,94,138,240,219,50,151,187,54,89,106,8,4,15,126,210,6,26,50,51,180,246,222,246,67,48,139,139,145,54,22,123,152,194,1,112,3,61,204,28,241,154,101,194,40,139,76,83},{160,161,227,111,5,142,132,26,16,73,223,72,181,75,193,38,222,19,233,4,230,104,130,2,205,85,193,115,237,109,115,32,91,153,5,131,20,22,32,127,75,125,203,126,104,132,139,107,131,117,231,49,33,236,161,242,173,148,93,254,213,230,12,142}},{185,248,40,195,195,112,236,249,250,210,24,98,201,11,234,0,152,175,239,207,21,182,194,169,219,133,70,153,128,62,84,248,79,237,254,162,248,94,61,230,239,169,151,173,217,235,216,180,118,66,123,242,88,68,220,159,229,144,246,26,110,56,119},{37819}},{{{18,40,182,238,94,82,69,205,227,234,237,101,217,220,99,181,187,84,2,239,201,188,232,36,192,87,128,171,14,67,255,220,131,120,221,83,61,31,134,121,159,242,59,121,138,223,64,218,86,233,9,66,105,21,102,119,111,88,63,231,175,102,250,131},{70,40,253,253,242,78,15,214,23,133,77,113,104,22,161,50,34,243,168,44,175,9,27,213,197,166,152,102,186,7,25,254,241,142,161,105,120,219,232,63,42,181,84,67,135,115,53,26,22,125,72,134,68,167,220,134,46,129,135,156,81,211,254,119},{60,179,88,160,44,39,183,172,173,148,223,228,177,220,89,50,228,109,26,170,72,88,76,35,23,137,62,234,248,38,135,242,86,110,25,81,136,99,177,130,58,140,8,17,12,3,175,242,10,55,24,166,159,82,184,62,50,109,125,118,70,186,125,143},{238,253,115,56,60,165,118,144,130,248,198,59,253,148,187,95,133,51,81,195,180,195,228,82,59,85,58,109,222,103,240,98,130,253,255,110,8,153,235,235,8,32,196,112,111,113,116,207,204,155,104,208,197,40,197,132,248,80,81,205,43,204,89,45},{27,3,216,193,10,33,34,82,104,231,96,215,78,201,199,68,26,66,49,246,148,199,229,17,189,1,17,200,179,206,206,206,193,86,14,229,53,2,183,105,203,31,218,203,54,200,214,252,228,34,218,21,13,240,251,138,108,86,23,98,1,205,249,41},{91,4,175,77,78,110,160,214,19,19,138,245,225,209,123,101,245,15,229,177,1,70,137,158,156,26,139,140,73,135,186,231,60,80,188,217,96,123,53,151,188,138,48,26,240,75,227,255,94,164,94,120,61,44,67,179,171,129,168,200,249,44,44,212},{70,95,159,167,128,23,56,138,48,193,26,175,207,86,160,121,28,122,240,255,50,179,225,65,242,91,43,30,63,18,126,95,30,58,6,28,87,137,180,109,22,39,234,41,189,255,18,210,228,4,215,114,255,182,27,243,75,37,212,38,48,59,11,184}},{186,191,107,238,145,6,75,124,171,188,47,224,231,172,17,132,131,64,226,153,64,79,12,250,215,215,57,172,125,8,57,133,28,116,174,79,85,55,46,162,37,233,230,192,41,0,137,17,63,218,20,24,101,70,88,65,216,154,183,88,157,65,64,163,116},{14842}},{{{112,109,24,101,200,110,34,242,116,58,131,164,123,99,59,244,164,64,245,120,246,25,27,228,188,19,16,133,36,208,253,247,59,206,48,217,237,46,4,79,164,133,20,155,190,91,7,4,142,134,215,123,65,49,159,137,195,204,156,132,77,190,22,248},{17,35,123,50,233,1,185,13,121,157,188,33,148,156,1,39,123,9,229,58,159,180,1,8,224,53,157,12,242,28,225,154,48,126,76,225,102,31,56,48,15,75,173,131,143,164,103,78,178,146,172,186,187,192,226,105,165,11,127,73,194,239,174,17},{60,91,168,125,250,117,228,248,140,69,220,140,82,119,147,238,162,12,209,154,210,200,168,18,60,128,195,49,144,115,179,93,137,59,189,116,108,29,68,192,128,97,245,87,160,72,27,183,51,163,218,162,171,200,203,25,224,135,205,24,37,86,162,37},{173,241,200,147,153,248,108,116,138,104,221,64,62,211,91,199,193,146,9,80,219,66,27,76,162,193,18,175,251,244,142,160,87,126,145,153,64,127,243,114,204,146,8,231,199,75,203,131,222,20,225,159,12,86,127,72,21,35,61,65,48,43,51,32},{79,38,81,92,164,208,229,224,250,57,157,38,120,163,221,110,63,87,26,220,200,99,134,48,195,221,35,241,6,14,44,58,44,177,22,85,239,125,216,101,130,61,70,235,226,27,167,94,69,45,105,189,164,87,115,56,93,32,6,108,8,108,122,248},{171,215,87,58,7,1,219,95,112,83,206,183,103,28,56,62,91,88,100,72,94,44,64,177,89,242,155,197,128,29,75,248,161,170,61,135,94,119,26,246,75,108,192,219,123,123,109,50,117,70,103,186,143,131,52,173,223,196,125,74,35,135,25,66},{195,201,25,30,213,23,62,37,140,196,66,139,188,184,151,174,41,111,18,38,111,7,44,128,211,150,119,67,9,189,29,151,70,188,66,225,166,207,215,226,197,126,76,223,171,125,204,3,219,176,23,192,141,70,213,70,12,160,252,145,204,177,184,21}},{94,232,255,186,219,139,55,143,69,248,56,140,84,174,195,111,134,77,149,13,16,232,40,67,197,136,167,146,69,192,48,118,221,21,34,180,218,62,10,64,74,149,99,135,117,23,127,176,83,24,218,4,107,146,7,139,239,65,42,206,80,194,37,178,204,120,94},{50317}},{{{115,129,208,211,219,98,104,115,174,178,233,103,210,115,252,178,13,211,115,88,51,229,244,200,194,235,82,122,98,112,180,192,255,161,17,55,46,63,237,176,243,152,170,183,173,58,171,19,111,22,32,147,239,52,129,158,150,162,158,208,109,186,160,115},{222,20,105,56,65,149,48,123,53,6,24,143,193,141,247,7,79,49,185,4,11,16,192,106,231,42,114,65,114,128,74,249,177,244,248,166,2,47,79,26,219,138,190,2,122,234,245,152,10,194,142,158,16,223,38,76,22,153,36,150,91,136,67,177},{161,69,82,253,59,50,47,19,182,199,123,114,100,63,184,198,189,177,255,26,4,231,248,134,28,49,23,117,200,101,228,232,139,113,174,30,89,148,75,122,54,248,239,220,94,127,140,89,9,124,90,49,222,179,112,20,251,142,248,121,199,49,235,129},{254,33,111,223,162,95,88,231,225,253,180,49,43,21,165,125,82,12,233,246,243,114,73,89,235,18,171,219,171,116,236,71,106,168,88,8,42,13,151,106,68,59,117,199,141,173,251,145,240,80,222,213,213,148,246,138,7,253,49,44,212,40,227,48},{254,72,248,137,154,223,6,72,108,40,222,177,122,134,129,172,106,198,88,176,249,142,227,239,210,125,14,28,52,45,243,39,182,13,70,61,92,253,205,45,98,226,5,46,152,112,123,140,107,38,253,169,215,35,221,12,39,205,232,207,242,169,42,9},{75,37,108,93,195,234,53,21,155,159,172,32,53,135,5,161,217,250,9,87,255,121,137,214,254,247,206,63,91,209,88,193,117,15,113,244,160,198,167,80,150,101,17,240,192,156,102,82,62,224,164,90,48,250,187,223,106,71,237,138,24,146,226,234},{16,51,235,97,121,165,141,60,101,30,164,23,174,28,133,120,118,133,123,227,15,118,63,203,49,32,126,59,3,144,233,92,140,213,60,91,65,189,59,205,219,33,61,104,133,67,227,131,116,54,182,59,87,69,144,237,199,151,109,81,86,26,46,55}},{253,208,212,3,188,13,230,4,141,113,5,1,143,26,70,185,42,207,134,39,202,122,158,182,144,18,18,68,233,94,88,182,38,226,223,39,162,251,171,29,172,76,38,205,173,190,104,51,3,234,189,157,225,214,12,237,37,56,80,105,71,199,192,158,211,33,50,190,140,39,73,122,56,219,41},{8422}},{{{47,240,242,132,5,97,228,163,36,21,170,198,231,45,201,99,217,204,131,98,111,138,246,214,64,146,60,78,97,25,111,22,235,7,182,194,244,160,120,112,34,85,58,255,152,27,57,4,251,60,213,28,152,74,61,140,103,59,100,35,18,13,178,70},{37,163,114,159,105,156,241,155,216,76,55,226,38,183,96,203,183,116,151,26,223,89,9,188,126,237,160,56,125,134,243,229,117,191,80,140,123,27,11,194,3,168,91,155,54,157,93,7,163,142,79,92,159,204,134,151,150,25,134,17,163,247,110,41},{190,186,163,165,254,58,42,204,71,119,92,157,29,174,18,151,102,189,169,183,248,248,64,199,129,68,64,180,209,64,174,121,152,154,67,6,37,226,52,41,215,72,19,237,58,84,149,26,92,76,1,29,154,23,67,115,85,183,74,173,58,152,97,157},{145,221,203,119,237,116,173,121,74,79,202,190,20,36,119,198,231,193,101,19,246,241,6,173,156,187,244,121,227,55,135,132,60,140,231,150,167,36,112,24,72,99,23,220,5,49,195,97,91,68,136,105,223,223,155,67,32,7,128,122,213,253,228,106},{100,192,199,39,224,237,117,107,126,2,244,50,165,224,61,208,52,132,213,4,238,96,241,132,114,75,173,103,98,199,25,199,25,169,124,213,169,116,168,91,25,219,58,81,244,60,245,247,128,16,228,244,54,150,242,132,76,221,95,210,110,171,37,95},{62,74,2,81,207,117,198,97,206,66,134,181,136,56,18,157,124,150,187,112,118,157,41,27,221,196,181,163,185,88,202,118,199,239,172,201,51,73,129,137,120,114,38,126,25,234,79,28,37,170,91,100,70,249,206,230,115,82,4,201,172,159,39,17},{240,65,158,235,133,185,232,221,162,247,183,93,51,122,123,246,239,43,209,102,191,112,210,117,149,221,148,156,105,245,11,88,53,120,108,253,178,88,209,243,139,12,29,158,15,27,183,240,173,223,250,77,127,112,21,189,38,150,213,165,201,14,186,251}},{246,217,76,162,212,61,52,139,55,242,97,159,156,164,180,107,97,39,38,118,43,169,43,249,65,17,252,198,222,159,35,49,187,134,198,80,87,118,110,183,31,79,20,222,191,157,118,160,28,114,172,229,169,210,46,202,122,158,242,192,177,4,158,253,244,208,21,252,198,43,83,151,120,215,10,34,149,241,169,58,19,58,202,122,114},{52539}},{{{28,68,120,181,104,170,255,25,52,4,148,11,32,70,174,31,223,175,58,213,100,72,128,219,77,27,191,214,54,198,149,175,152,112,220,250,77,73,50,19,104,128,143,69,240,141,242,187,221,133,93,234,213,124,228,204,116,27,215,37,116,67,116,192},{150,154,30,243,4,205,9,147,254,48,145,244,219,85,25,133,9,223,136,181,10,75,90,63,248,207,80,204,79,103,162,23,59,219,175,241,178,63,46,29,167,198,236,52,16,199,140,172,10,227,92,231,43,58,164,138,67,92,215,85,43,22,166,251},{156,107,89,42,238,230,1,110,43,68,85,14,169,127,175,40,181,11,104,174,110,87,212,63,196,244,196,178,101,9,213,139,245,225,184,105,158,210,36,108,204,41,7,128,239,215,125,162,18,109,76,87,128,7,211,102,206,245,174,234,76,152,103,140},{212,44,67,73,198,177,24,244,13,24,245,137,198,177,5,237,208,83,1,133,238,88,168,128,251,71,202,242,123,41,234,81,116,253,181,64,71,37,72,177,107,186,170,101,16,224,119,254,182,206,239,50,181,208,13,166,18,167,155,232,207,153,175,73},{51,190,157,49,245,161,68,37,163,56,189,168,95,147,90,15,89,214,149,66,251,176,218,240,213,38,82,104,130,87,191,46,13,49,118,73,182,221,200,115,165,7,32,212,246,144,100,226,94,174,244,67,183,185,155,56,28,232,171,174,231,157,59,114},{92,243,34,21,26,208,244,123,22,215,170,44,172,138,43,126,199,106,210,67,6,180,92,42,140,216,236,51,133,240,31,115,153,148,181,193,245,124,118,167,147,42,64,151,7,81,204,33,129,44,204,84,48,114,191,19,154,146,186,241,89,249,29,69},{154,244,237,150,245,22,245,116,144,139,133,255,69,137,124,122,155,8,84,16,179,159,96,48,158,121,72,251,127,23,89,170,131,195,147,18,213,238,183,140,238,178,87,54,104,179,240,24,212,176,238,132,31,19,87,5,214,176,244,62,99,247,35,71}},{107,253,9,178,220,52,162,116,168,191,94,139,142,172,174,203,46,246,141,13,61,123,230,151,64,113,196,101,203,116,63,200,63,182,168,232,42,201,13,242,27,166,17,163,229,153,119,214,189,29,225,195,253,77,22,254,109,142,219,218,87,130,109,195,121,22,47,7,148,229,83,52,26,66,56,143,160,85,60,252,133,227,71,217,23,210,186,217,102,114,215,7,232,182,112},{38245}},{{{246,111,162,27,8,39,157,36,93,121,129,71,29,45,17,242,246,19,211,196,193,26,11,184,131,80,67,203,137,55,120,204,255,219,88,30,239,58,170,5,20,215,241,37,252,184,147,3,79,166,28,159,105,138,14,72,119,55,83,253,45,129,227,3},{176,173,7,236,110,56,143,47,203,204,189,166,197,252,114,166,31,161,11,172,239,11,124,100,2,51,120,96,228,126,167,35,120,45,116,146,126,165,206,166,188,111,22,147,244,151,195,219,201,53,35,21,236,11,42,94,88,97,2,123,196,16,91,243},{38,164,15,35,169,227,12,126,36,17,29,77,218,7,111,154,2,118,84,191,94,56,121,68,13,226,222,17,110,78,20,157,239,111,145,15,20,190,8,234,99,103,102,44,227,145,177,211,163,165,139,249,207,182,245,107,80,254,1,77,104,134,3,36},{148,92,172,97,146,162,233,152,93,12,80,163,93,129,169,15,80,6,39,85,152,96,26,202,204,145,51,18,96,26,201,82,193,54,41,221,203,215,2,211,164,144,88,60,197,44,162,148,128,242,61,72,69,196,131,244,195,210,99,64,97,97,148,176},{37,183,130,233,255,205,55,38,143,253,183,78,185,225,46,34,235,90,153,237,49,243,156,86,140,109,141,170,250,10,227,18,228,99,135,170,2,36,247,187,120,230,38,52,209,227,177,240,93,137,9,232,119,83,117,65,222,216,120,224,105,133,187,91},{210,15,177,214,10,92,128,144,61,248,100,24,151,207,120,136,177,143,109,207,130,214,119,109,169,218,154,51,241,154,216,109,3,218,151,187,32,69,37,113,216,46,50,120,52,228,97,159,17,200,122,243,63,210,113,16,102,94,219,83,238,232,213,249},{33,149,29,135,91,182,181,69,222,26,43,243,205,140,92,249,87,128,111,22,105,95,253,99,56,77,198,128,97,165,121,139,77,134,184,96,159,219,118,176,60,132,2,48,134,48,215,169,188,172,217,92,77,242,29,100,70,42,110,71,154,112,2,193}},{31,96,95,153,117,157,34,144,216,92,61,209,250,161,45,74,62,158,5,86,66,205,244,234,43,8,74,129,198,188,50,160,138,9,143,78,167,118,52,118,141,138,105,156,30,225,114,226,37,190,142,63,29,157,44,255,169,160,247,11,211,133,167,130,163,31,192,89,21,253,234,33,104,185,230,242,55,91,119,244,161,148,202,99,229},{61772}},{{{32,21,137,24,163,79,147,85,77,229,52,113,211,125,234,249,152,205,212,186,196,91,176,234,155,198,201,196,57,251,123,81,24,101,190,249,119,19,176,134,90,14,61,6,169,94,180,54,239,214,165,9,5,89,221,163,63,14,130,27,231,107,215,74},{53,188,106,3,6,220,206,32,28,56,169,169,166,15,118,32,47,134,17,122,142,90,200,51,255,68,102,174,12,155,175,13,239,247,217,119,224,1,173,150,156,88,161,213,58,183,116,116,87,124,14,115,117,198,120,235,36,122,75,199,88,51,24,218},{18,152,176,250,207,36,208,74,245,142,26,66,246,172,4,190,111,81,111,88,245,218,35,87,148,90,120,15,121,192,188,81,36,205,15,153,102,79,206,104,163,86,186,139,218,211,143,99,69,167,135,211,215,225,144,66,76,222,67,20,138,41,131,21},{140,163,75,134,47,87,170,183,95,9,229,52,120,105,117,132,165,240,15,141,16,77,230,167,180,134,38,144,182,175,179,193,5,146,39,63,186,197,181,239,172,53,157,30,60,179,116,204,197,161,122,50,17,64,215,123,189,202,134,24,63,5,93,8},{150,48,132,16,92,33,155,141,131,76,176,170,128,227,58,122,44,209,221,223,98,166,80,153,145,229,174,90,189,187,112,75,149,175,60,85,236,48,55,106,115,28,222,3,65,166,78,172,251,94,150,213,117,152,250,188,79,39,32,64,50,221,143,239},{164,122,174,143,152,94,187,105,95,19,130,52,68,83,47,157,253,51,214,24,229,209,36,138,89,146,66,189,237,98,2,249,97,247,131,135,110,224,154,16,211,83,34,205,17,134,214,234,91,13,136,146,20,141,238,220,39,134,142,207,218,79,59,240},{93,8,93,120,210,190,196,150,111,47,46,92,139,13,27,31,18,189,109,138,170,146,142,74,249,240,12,97,19,6,40,204,34,207,224,43,67,211,140,157,164,195,171,200,29,5,189,216,108,190,159,102,254,172,137,20,196,177,187,255,36,99,85,104}},{207,39,28,112,87,150,185,139,152,153,192,240,28,125,153,112,106,148,160,102,27,61,199,246,23,106,215,73,134,146,213,122,19,92,96,158,80,178,27,82,169,229,202,1,159,109,249,196,225,181,96,2,111,82,193,87,37,187,177,153,201,192,95,226,124,195,135,41,11,188,163,155,151,180,124,121,93,28},{45539}},{{{55,172,123,32,96,12,190,31,111,197,141,172,110,179,225,131,41,78,188,189,193,160,72,11,203,113,216,198,175,163,187,184,139,110,50,130,252,199,165,105,156,84,186,98,57,126,114,57,85,53,39,222,44,122,211,169,119,134,122,215,100,251,228,41},{146,253,53,231,92,170,10,181,15,139,249,108,213,182,99,242,102,24,45,128,125,55,26,122,97,31,205,166,89,236,60,72,47,55,79,165,153,73,55,106,254,80,132,208,46,93,240,202,151,108,139,26,119,70,151,227,245,2,32,28,66,144,166,132},{116,143,118,237,96,211,39,61,80,130,113,240,67,130,28,177,124,70,72,209,52,5,96,142,134,100,86,151,92,220,11,9,23,246,236,195,55,4,161,100,62,213,249,174,139,228,135,109,12,174,106,40,73,224,77,253,149,17,83,53,23,178,95,166},{7,33,102,118,35,62,31,239,45,237,209,128,192,149,209,184,66,204,239,57,242,169,166,192,191,174,229,38,192,111,39,206,208,212,73,125,56,212,4,227,131,130,71,119,9,61,75,174,12,131,47,130,112,18,11,31,185,248,90,1,87,10,179,33},{99,95,121,2,195,242,72,20,51,57,129,233,92,147,129,46,159,249,101,75,27,22,205,11,53,202,128,204,128,78,71,141,79,252,10,221,166,186,190,133,123,125,120,11,151,244,52,206,53,98,73,152,127,139,254,211,127,52,175,76,141,233,37,50},{233,252,101,43,81,234,36,180,173,68,104,58,204,227,80,248,58,217,186,7,219,241,235,235,19,39,185,166,14,198,98,82,150,215,237,76,34,199,22,187,129,43,156,229,250,139,228,41,125,12,150,168,145,56,91,194,56,4,64,159,110,216,35,104},{38,199,230,8,251,111,178,60,62,198,222,68,32,39,39,31,140,24,62,32,251,64,144,148,90,92,131,206,46,43,245,212,87,232,60,182,239,138,126,124,227,87,35,36,41,79,133,112,27,14,220,241,137,163,34,233,52,159,182,55,228,69,148,82}},{248,207,29,159,148,232,143,139,200,195,157,99,172,119,202,243,237,181,39,167,94,152,226,188,50,106,130,150,201,183,214,199,6,73,235,255,59,235,88,204,40,73,66,38,254,234,150,177,96,223,233,253,90,71,92,186,35,86,68,217,29,123,124,107,160,61,143,140,73,86,110,183,8,89,209,130,46,238,230,132,171,241,168,202,36,246,114,243,204,15,5,252,216,201,80,223,43,71,166,18,68},{55710}},{{{219,28,42,232,13,175,13,195,228,140,156,161,175,171,215,158,126,15,12,210,29,206,151,23,210,62,104,50,107,126,219,238,89,126,53,174,14,240,97,25,65,175,203,183,102,134,5,74,197,242,60,81,141,137,9,216,4,82,63,68,89,218,246,103},{25,238,17,196,254,214,176,60,211,78,120,226,25,135,179,79,247,104,198,21,188,154,194,248,255,68,133,216,31,90,51,97,18,167,132,139,57,70,208,142,66,63,161,20,145,193,41,68,171,114,135,55,252,92,68,254,231,40,60,96,100,6,102,224},{240,146,242,15,60,126,250,75,176,178,214,112,233,119,158,172,157,146,71,53,145,41,40,163,62,232,224,224,206,24,227,170,189,155,213,47,62,38,192,130,169,110,205,207,29,86,213,121,169,39,156,171,24,147,224,236,56,101,226,9,47,44,13,118},{214,38,30,100,50,123,165,192,105,75,106,207,205,2,46,248,59,20,5,136,239,124,186,187,8,161,166,183,128,128,193,76,67,113,102,26,235,227,242,70,1,134,33,102,7,54,161,233,113,6,214,30,250,238,33,17,121,163,166,38,28,174,255,207},{80,131,248,99,145,136,158,180,228,181,102,219,158,37,225,25,77,94,4,241,99,228,95,147,226,207,41,239,10,112,175,70,156,122,39,60,191,224,25,184,39,253,83,252,69,67,168,44,253,34,11,77,239,82,208,150,93,109,244,97,36,77,13,249},{58,111,124,195,89,64,41,233,248,225,113,175,106,216,42,118,194,226,251,89,114,10,58,188,140,201,5,203,204,126,112,243,20,180,251,209,76,160,72,71,116,132,138,48,232,94,245,37,146,220,94,134,169,115,35,73,155,32,55,33,213,181,171,248},{142,27,3,179,90,242,147,249,17,236,109,251,116,13,165,234,197,139,145,109,73,76,255,119,236,215,152,246,108,34,167,247,127,238,156,251,194,167,162,255,178,246,234,103,244,78,164,136,2,76,45,13,240,38,65,21,196,60,138,84,47,3,70,138}},{138,135,72,178,230,182,53,44,180,8,24,9,5,218,160,70,211,165,227,83,100,250,173,135,85,57,93,108,133,153,158,18,24,15,68,178,10,161,45,126,119,23,114,136,179,224,220,252,160,50,89,46,188,244,23,73,28,188,196,2,98,150,177,85,52,57},{59350}},{{{124,199,4,246,31,116,81,14,124,214,120,55,33,109,197,51,57,87,200,120,54,200,159,70,225,231,224,250,102,36,82,22,170,35,227,188,95,171,64,81,9,205,74,31,122,204,191,121,103,11,148,148,235,8,142,138,145,80,207,255,155,32,159,178},{72,105,225,115,3,191,106,140,152,173,9,84,54,35,241,124,217,172,29,64,30,207,218,182,177,230,65,181,167,209,247,177,172,4,137,189,43,114,239,196,182,143,137,144,157,247,101,124,191,168,195,178,71,137,214,161,61,151,124,134,54,200,86,94},{219,181,240,186,208,79,49,103,31,97,67,117,126,171,222,173,205,67,148,237,214,109,231,72,175,48,110,114,163,13,212,57,206,91,66,155,62,99,27,109,140,47,83,151,162,244,69,105,183,79,13,98,228,29,193,134,186,247,220,115,34,187,157,154},{247,241,63,222,223,2,56,182,24,82,247,210,97,98,25,156,206,68,114,89,59,22,65,49,223,130,145,32,169,228,197,23,255,180,145,40,67,12,103,31,89,73,116,27,173,84,156,65,98,109,148,33,225,237,65,205,136,124,26,160,85,201,48,187},{185,48,150,94,181,58,215,182,46,81,108,196,147,40,94,226,79,196,147,53,14,238,27,67,65,189,199,195,220,111,162,203,28,47,75,106,78,217,123,11,220,115,134,222,67,5,122,130,178,42,39,131,171,1,198,167,154,170,103,49,176,249,49,74},{10,67,44,232,92,178,198,1,58,84,123,30,186,65,70,141,78,137,65,179,2,205,144,11,50,225,209,224,211,245,73,42,69,7,195,187,65,244,149,162,144,114,227,145,93,31,120,207,167,247,160,116,93,178,73,243,133,235,81,18,120,59,27,162},{165,188,214,149,191,193,239,74,104,186,160,22,107,158,160,232,2,104,56,193,239,212,222,186,17,118,191,66,54,88,118,184,102,47,120,155,24,225,4,1,223,122,122,203,164,226,252,29,90,83,106,84,187,174,36,196,202,239,27,9,147,151,99,221}},{104,74,119,8,233,152,44,90,91,153,226,239,113,23,21,59,44,222,93,247,46,124,193,136,21,87,38,50,26,122,83,40,177,155,111,224,64,44,109,71,207,210,183,38,17,157,244,37,232,203,170,100,44,94,130,31,245,205,234,178,58,55,164,241,19,90,172,244,196,237,48,126},{4852}},{{{1,118,255,243,107,32,10,80,234,17,131,39,163,213,13,31,172,185,34,131,75,68,202,167,196,115,210,142,47,163,150,202,140,61,187,108,43,246,168,197,74,36,22,55,9,24,109,229,172,185,70,119,161,195,18,126,78,244,136,221,163,77,231,29},{16,130,148,130,184,84,54,132,90,6,69,208,130,69,17,158,206,58,6,64,115,196,189,196,8,117,236,160,143,169,182,103,113,172,230,75,248,125,133,114,185,107,172,39,71,11,79,222,43,158,234,5,190,168,156,130,226,205,231,118,237,172,182,93},{96,104,158,55,118,196,252,78,208,174,147,20,149,122,18,10,40,160,149,244,25,132,82,53,1,43,63,10,250,9,79,16,249,167,153,179,120,124,174,188,77,79,194,234,39,11,190,84,118,114,133,213,15,74,104,119,13,170,75,107,173,134,133,183},{220,255,194,108,188,77,225,118,57,136,165,254,210,193,82,63,124,107,48,120,198,9,119,134,119,67,153,27,250,23,200,240,128,244,137,77,188,112,206,43,144,228,21,108,57,44,137,157,235,71,14,65,7,222,17,102,69,226,9,224,52,15,152,215},{225,246,9,231,83,34,253,53,175,135,147,146,15,10,38,140,23,190,150,197,102,3,81,10,7,251,44,237,156,44,109,194,35,88,218,121,49,253,151,191,16,63,191,46,196,93,81,67,42,58,228,247,183,80,185,122,179,37,3,233,102,70,192,163},{160,85,214,25,124,183,121,198,23,116,237,131,109,186,6,179,98,220,98,103,141,175,148,224,230,174,146,180,167,151,247,131,204,199,34,180,123,84,209,37,113,245,239,232,139,142,4,62,197,68,83,70,7,61,241,155,27,55,96,95,193,17,19,25},{66,88,164,185,194,217,5,207,185,232,175,111,164,103,62,118,89,255,37,252,119,19,123,240,68,98,181,129,214,171,243,148,144,49,36,24,104,12,31,12,129,169,177,69,190,163,220,26,7,226,183,212,240,156,65,155,244,225,154,24,84,14,160,228}},{218,168,195,226,19,97,227,121,8,189,180,116,231,76,255,108,154,135,21,78,74,1,197,13,208,33,239,63,179,174,117,196,20,27,92,2,52,194,218,93,154,180,53,187,123,111,146,182,38,190,20,189,183,74,3,248,145,237,61,250,226,81,38,131,96,232,64,191,70,109,149,162,118,124,213,168,63,122,242,208,152,225,19,143},{32070}},{{{19,43,33,57,83,65,95,149,61,196,203,158,19,116,44,249,72,120,156,193,191,226,182,219,89,177,34,84,43,114,224,216,47,57,220,138,97,175,162,114,46,138,78,7,239,136,218,116,211,197,127,74,31,225,97,251,248,238,90,34,249,139,160,48},{82,223,184,202,3,199,39,130,253,229,95,191,169,127,245,229,96,7,53,146,88,29,91,3,198,206,173,104,40,31,70,129,55,216,121,239,145,146,188,97,194,192,255,239,240,11,138,230,240,6,211,199,233,10,1,169,143,232,118,138,111,51,158,234},{146,201,25,219,120,34,189,55,100,250,135,160,65,178,13,214,143,196,75,40,83,124,40,192,124,161,38,79,162,151,153,10,251,254,234,202,47,23,22,236,85,32,1,107,222,6,104,163,165,78,180,177,24,92,31,50,241,115,234,103,71,36,229,27},{97,175,44,174,186,179,64,176,52,20,238,135,83,42,234,86,103,46,222,177,157,194,132,70,166,94,174,251,111,120,61,99,56,204,70,87,129,115,226,185,88,30,229,105,59,6,252,220,59,5,162,188,7,60,120,44,4,220,74,51,57,202,61,242},{124,107,106,179,74,113,215,179,25,71,106,190,124,157,163,230,85,139,165,159,233,82,112,87,158,176,27,198,163,216,195,233,225,163,25,3,171,61,161,56,71,36,43,24,169,142,237,244,186,10,219,137,108,210,46,240,225,80,166,241,118,106,228,101},{6,185,210,217,219,122,32,62,31,64,168,113,65,20,79,223,242,97,11,38,171,143,85,128,40,13,116,147,123,200,193,110,239,106,31,226,21,79,109,20,58,235,45,244,209,173,19,184,67,64,59,118,198,117,3,213,112,68,52,17,55,232,199,17},{224,142,227,98,217,119,29,61,148,202,93,115,184,58,180,96,27,195,67,116,230,84,138,223,6,45,73,57,156,243,180,35,21,136,200,124,104,80,222,52,216,31,250,153,102,83,31,81,129,165,225,54,190,192,131,86,237,91,58,78,167,180,163,57}},{225,158,193,101,13,7,122,180,124,114,200,65,13,103,0,28,180,43,122,198,242,156,21,224,190,183,51,224,112,219,181,53,40,210,0,120,49,94,53,106,89,21,120,93,41,188,132,147,138,37,20,152,252,125,112,90,156,12,134,90,1,108,3,190,255,179,158,112,165,75},{20360}},{{{171,199,12,195,189,91,158,81,228,152,90,178,53,187,163,194,189,175,13,170,225,70,240,152,5,205,235,91,36,23,102,54,161,19,221,31,214,80,85,85,27,49,69,231,130,215,231,120,135,119,81,52,252,204,38,248,153,49,115,60,142,174,217,93},{146,74,159,233,133,43,189,107,61,225,182,231,208,252,170,49,126,250,211,57,222,147,126,118,168,189,8,174,71,51,241,226,171,231,36,111,76,174,185,1,155,13,48,209,24,40,124,214,126,133,33,38,23,230,211,80,16,55,120,49,74,45,123,33},{84,152,180,243,162,11,177,196,162,106,166,200,52,55,83,127,61,156,111,88,92,72,69,100,187,115,83,236,240,213,228,92,253,132,97,114,158,188,67,97,76,50,234,166,56,177,127,136,196,236,219,223,129,186,46,140,187,62,143,121,93,196,95,145},{229,95,171,157,188,43,224,110,98,253,115,148,92,142,43,175,172,81,126,150,109,141,143,199,176,24,226,138,182,123,141,100,126,26,11,3,141,93,41,7,86,105,54,184,114,170,51,125,49,78,177,25,95,81,140,72,203,2,72,185,133,164,22,94},{218,97,147,179,206,75,95,4,38,203,169,174,111,63,93,7,250,52,232,94,231,194,11,167,218,106,23,231,255,99,125,210,58,17,113,140,31,80,9,157,39,221,40,144,72,134,192,193,221,94,196,63,141,52,167,70,152,162,166,118,224,205,239,144},{176,143,236,131,231,226,198,108,95,240,90,189,211,180,231,138,76,156,20,34,234,120,116,96,227,150,23,214,193,69,100,79,221,42,105,14,34,75,158,183,107,183,81,34,184,163,89,224,127,120,247,126,172,208,94,98,191,80,184,69,203,141,41,136},{86,146,36,105,214,58,121,76,130,248,188,157,91,192,101,98,18,137,15,45,78,210,118,104,216,60,151,159,25,154,10,37,133,108,153,128,202,90,254,191,47,150,126,34,95,55,153,211,250,138,149,16,74,68,248,45,152,49,150,65,7,66,89,20}},{170,122,126,210,215,89,220,161,12,208,197,15,111,153,88,214,196,223,161,116,189,215,216,119,16,118,51,26,17,83,232,191,91,55,229,135,30,63,131,26,226,248,55,78,255,21,181,206,51,30,73,143,55,80,196,106,135,95,102,145,63,120,141,22,196,32,165,233,5,197,68,39,103,64,42,230,208,34,117,89,11,4,103,176,150,189,20,236,153,239,250},{54349}},{{{170,26,140,209,142,228,92,70,204,60,78,251,190,239,219,49,72,98,37,196,86,33,236,228,201,115,46,243,26,5,110,123,132,160,154,159,11,34,240,10,147,238,2,35,5,44,81,233,63,53,87,245,191,53,189,197,129,194,67,68,178,201,5,19},{116,229,159,171,2,164,24,72,208,25,195,162,19,112,48,195,121,190,119,126,183,29,105,81,252,136,201,124,184,33,66,216,50,174,253,156,160,19,209,117,59,235,175,33,223,198,36,227,123,190,38,45,15,237,10,136,201,235,86,174,97,67,159,117},{114,191,100,117,187,32,113,198,183,219,149,61,181,220,123,92,176,248,50,91,215,177,129,100,47,241,13,56,250,19,250,171,96,61,65,10,160,118,18,54,194,69,112,10,254,42,109,79,178,237,118,3,76,233,120,135,190,182,162,6,16,232,119,157},{157,214,185,130,144,97,243,21,153,205,75,180,255,91,130,255,174,175,27,178,150,111,253,195,35,161,96,203,246,200,66,233,17,189,130,7,60,91,15,115,235,18,42,21,51,112,88,16,182,91,45,129,191,8,187,198,40,168,69,144,170,181,185,138},{158,41,16,125,115,92,157,137,221,57,63,11,22,65,68,216,153,82,42,116,98,83,242,98,123,135,225,67,61,111,152,19,177,32,165,33,189,160,113,168,121,21,25,136,152,193,24,111,91,143,179,225,81,251,116,100,170,30,69,106,147,207,214,147},{138,173,85,171,123,95,105,159,21,222,112,213,226,253,130,159,103,156,52,10,145,219,165,12,226,97,72,21,172,247,80,100,80,195,208,30,107,165,74,58,180,246,238,168,52,157,16,218,191,100,35,125,13,61,176,7,65,25,208,238,250,167,198,143},{23,241,169,252,161,144,61,58,202,144,53,133,195,199,43,21,171,201,161,220,143,19,187,26,75,70,180,215,243,145,75,141,136,252,83,56,238,115,172,6,45,111,200,170,209,148,64,96,106,243,116,54,150,108,239,9,50,93,20,102,120,146,241,128}},{74,215,1,70,198,166,151,85,139,230,242,19,188,170,231,110,90,5,159,48,131,125,251,105,96,148,58,217,157,49,117,74,245,38,249,88,177,236,20,129,80,61,114,157,95,239,116,67,181,249,149,2,212,247,213,123,242,71,238,36,206,95,167,143,48,18,105,212,217,195,45,33,5,186,61,172,214,218,120,32,124,138,55,24,113,246,233,8,178,233,147,177,5,28,109,79,71,46,61,118,154,158,6,120},{54230}},{{{122,173,144,137,154,202,236,8,190,137,170,63,33,61,190,224,109,221,147,4,146,198,50,43,152,132,102,205,234,181,83,67,228,138,200,59,200,223,42,173,26,214,161,233,37,97,88,120,22,206,137,56,31,214,87,138,120,34,107,225,201,237,100,217},{24,221,119,58,116,162,132,165,68,249,185,120,153,216,138,174,242,127,62,17,7,17,26,181,55,182,224,156,227,123,109,102,208,204,64,162,199,177,216,64,15,76,150,179,10,227,32,146,16,250,165,125,12,60,199,189,120,205,33,3,42,180,15,54},{193,135,25,9,55,150,42,120,3,194,152,95,86,150,20,20,74,102,58,239,66,218,117,151,123,254,11,16,163,127,199,138,52,231,141,253,138,110,179,154,146,107,208,253,112,84,57,178,254,45,10,65,250,198,130,111,66,123,131,108,98,67,42,119},{57,250,18,169,81,244,186,251,81,204,8,156,102,202,193,134,67,154,16,119,22,65,69,41,111,172,244,55,113,140,20,78,193,83,166,64,189,107,37,56,113,33,110,90,6,232,248,230,247,202,251,125,141,79,54,6,49,183,144,200,171,194,47,40},{85,27,140,134,32,74,255,99,26,25,99,211,96,178,210,32,247,88,38,127,224,10,148,12,178,204,191,195,128,44,38,198,67,136,141,40,130,249,103,21,221,209,245,221,144,202,100,249,50,249,197,2,99,77,169,216,63,108,45,1,171,208,187,146},{60,113,88,101,116,148,172,227,112,84,98,35,61,59,47,33,122,159,219,251,215,144,181,93,169,54,194,139,147,38,234,97,202,245,250,244,33,131,226,218,81,99,207,77,43,135,203,177,51,209,24,64,95,198,172,235,132,9,108,38,136,183,102,127},{111,219,125,116,185,53,64,191,104,136,167,149,222,121,169,121,73,211,168,183,101,72,68,200,49,177,80,231,15,3,101,116,50,204,142,24,228,15,182,64,102,44,50,213,242,178,64,255,31,183,73,29,209,3,255,230,154,126,35,20,202,151,235,161}},{201,146,246,233,6,89,112,211,25,248,81,66,106,180,1,211,144,0,252,103,92,222,37,74,52,226,195,5,175,110,223,177,236,180,195,185,149,97,196,241,99,19,220,161,15,99,35,253,220,240,88,77,150,3,35,197,96,41,205,11,164,218,235,247,118,87},{28197}},{{{6,170,199,235,53,28,5,108,49,216,205,105,155,126,90,44,156,87,94,3,168,205,156,52,71,181,151,73,220,18,146,24,251,206,122,204,101,62,246,114,12,44,128,164,83,137,4,254,44,169,189,153,127,100,127,219,127,58,61,95,151,143,236,150},{248,175,23,71,193,36,73,158,75,108,137,160,83,186,126,189,50,36,211,65,166,79,138,129,75,196,197,251,249,108,196,105,1,121,112,132,244,63,98,8,246,246,187,228,214,234,44,253,105,75,22,84,247,148,130,78,161,64,18,39,77,45,237,212},{161,140,137,234,27,30,154,139,244,130,54,246,77,223,58,200,201,97,93,54,165,75,186,7,20,249,167,117,24,244,30,34,53,15,55,86,189,191,91,166,149,152,36,87,176,150,87,214,109,34,15,65,45,167,229,28,55,226,111,140,135,88,175,154},{130,41,44,147,255,181,201,83,100,79,80,232,228,109,139,166,64,165,112,238,107,211,186,3,237,47,94,123,244,146,38,203,31,33,97,233,108,26,45,194,74,8,222,115,241,92,185,67,161,210,245,123,175,104,147,189,124,211,182,136,64,26,8,189},{128,224,191,87,2,233,47,96,170,56,205,110,83,254,196,161,164,85,189,166,174,90,202,226,177,98,136,209,186,190,62,145,166,237,129,91,90,41,24,218,44,236,236,140,180,224,39,163,61,74,57,88,249,89,249,71,114,245,108,133,153,42,27,37},{241,109,175,150,225,107,182,99,228,71,227,90,118,162,138,197,189,202,186,247,101,63,211,204,186,28,140,10,104,225,22,155,107,232,88,152,203,237,174,22,196,95,112,183,7,184,240,255,204,17,178,206,55,199,207,206,130,33,182,59,120,10,253,108},{146,43,149,251,242,137,242,157,227,139,192,136,87,170,180,186,153,255,75,106,252,2,220,155,123,178,208,53,239,83,183,209,36,190,185,248,81,209,42,92,113,158,93,237,221,91,89,231,242,32,123,24,92,50,123,141,6,58,39,68,230,148,177,123}},{64,129,167,112,37,168,209,79,209,102,206,123,99,64,222,97,179,97,226,77,208,130,67,2,102,161,209,208,23,222,227,199,255,61,157,115,40,186,153,59,220,50,81,167,57,60,208,238,111,121,190,231,182,124,42,175,196,37,1,47,70,140,200,2,225,207},{26246}},{{{86,214,78,76,243,155,123,35,29,154,151,200,131,7,95,94,20,237,181,5,154,183,15,93,214,87,209,197,160,206,117,70,20,228,126,68,129,55,31,176,241,228,82,182,230,8,18,222,20,118,251,97,237,47,134,203,184,232,37,169,103,71,61,131},{168,206,21,30,51,20,241,90,196,210,237,213,155,174,89,212,171,187,22,125,245,170,55,95,135,56,49,159,5,103,195,216,239,46,24,54,96,92,99,39,67,149,242,143,36,39,208,149,224,253,217,70,183,52,251,78,173,109,11,189,205,8,186,142},{150,180,73,183,76,173,113,5,155,74,76,140,8,241,60,135,119,41,212,211,207,39,29,150,89,61,205,104,215,35,17,178,201,142,132,93,38,127,83,53,122,81,190,185,37,150,19,244,26,105,253,92,54,10,211,124,36,28,17,129,21,194,54,25},{59,148,30,188,91,203,62,63,188,130,202,250,57,113,198,185,229,33,220,144,250,12,176,174,88,126,30,205,205,219,12,141,163,101,12,102,81,25,57,172,33,174,92,232,222,110,69,31,168,187,65,190,240,48,164,113,249,4,143,196,61,83,170,170},{250,185,205,229,124,220,59,164,234,217,28,41,111,161,210,14,238,120,26,180,197,119,54,223,151,20,61,73,224,198,141,174,87,9,230,97,39,250,252,139,193,168,11,15,157,101,118,46,43,115,154,142,30,124,8,40,215,150,250,71,244,66,132,61},{27,194,99,174,182,115,96,144,210,34,151,21,101,210,100,243,174,214,114,73,160,216,127,160,151,46,126,98,17,111,216,113,203,35,81,174,76,78,169,73,233,174,189,231,36,70,44,171,131,64,43,104,179,171,118,183,144,243,36,5,252,159,153,43},{24,33,154,16,92,115,211,2,99,179,180,62,194,194,70,60,81,25,178,27,51,252,246,207,168,211,122,30,146,51,22,187,238,57,230,95,61,227,80,199,9,112,36,201,135,189,138,138,84,207,28,197,113,157,54,163,7,53,112,183,112,209,235,177}},{95,26,116,225,102,50,9,193,6,183,128,209,217,108,251,230,62,247,203,121,4,123,181,119,203,207,110,156,150,93,240,72,30,209,51,232,118,165,218,255,234,85,128,44,130,130,126,127,74,189,250,119,160,240,91,12,125,194,235,56,95,69,127,158,9,245,97,28,190,108,107,190,86,47,254,130,66,41,154,122,183,185,94,30,2,9,228,221,80,107,212,72,97,51,18,38},{8782}},{{{127,4,112,103,231,46,190,211,240,208,172,67,66,209,223,149,204,174,208,221,164,210,162,21,146,20,165,102,245,114,109,12,96,221,237,122,249,144,146,88,103,149,72,77,201,113,45,89,140,86,28,154,158,229,251,2,107,151,252,51,135,189,189,162},{30,106,151,189,250,43,25,174,40,141,115,173,186,117,243,227,81,89,194,200,167,82,49,27,165,50,160,191,191,60,194,109,229,145,23,227,106,116,171,242,207,13,186,106,104,121,129,68,197,137,158,6,162,191,227,198,102,182,30,233,106,240,147,210},{172,134,68,27,189,224,54,88,41,232,200,161,194,27,66,137,17,53,168,84,1,180,174,218,127,9,201,162,115,13,128,4,36,73,184,72,55,230,149,247,199,77,8,168,161,92,244,24,103,12,189,243,5,28,44,90,112,17,202,68,183,21,146,123},{59,121,240,220,18,237,31,5,198,71,233,224,103,226,137,37,132,127,182,223,72,19,216,36,116,208,127,222,224,208,109,216,90,163,51,173,244,235,172,234,254,12,147,19,66,26,204,60,35,185,84,117,160,165,116,142,77,109,150,108,205,22,231,156},{191,213,73,125,248,8,219,168,33,196,42,150,255,183,92,82,110,162,74,184,136,54,159,19,190,184,104,137,116,23,113,222,230,140,34,9,210,19,95,12,46,175,140,244,1,161,128,61,218,12,243,199,33,136,152,223,15,6,214,109,166,41,84,52},{183,126,160,229,53,65,253,34,34,139,190,233,149,12,193,29,42,207,46,109,42,130,229,105,80,254,118,129,174,215,140,100,64,9,208,5,105,166,84,161,8,14,24,246,228,223,83,2,120,99,34,154,121,110,221,139,61,65,140,115,95,44,247,135},{132,27,77,122,130,192,150,167,103,157,217,161,231,39,2,220,122,105,252,113,205,254,48,238,205,191,181,255,79,98,25,213,145,121,250,17,9,242,93,17,22,237,78,53,253,110,150,73,233,185,128,214,116,205,235,249,82,158,233,245,162,38,230,246}},{228,91,93,225,151,123,13,61,55,123,28,97,59,229,225,84,204,30,115,184,142,179,131,105,43,148,229,158,57,91,174,94,103,129,246,28,80,4,67,196,162,34,41,200,137,229,2,174,59,209,172,254,112,66,19,26,249,205,214,185,43,167,36,25,201,38,134,209,237,27,250,30,35,56,186,238,70,170,107,151,119},{4145}},{{{81,12,106,28,79,44,148,206,181,107,116,41,136,53,59,186,162,120,59,235,28,185,230,46,134,216,28,228,133,80,53,253,81,246,6,127,172,191,163,160,249,160,207,112,164,253,96,66,67,115,169,152,134,145,34,159,136,196,200,159,228,55,12,222},{56,154,44,225,116,15,69,124,106,37,25,139,241,245,144,173,154,191,52,184,106,85,64,229,83,72,35,219,72,124,172,179,147,125,206,4,18,242,168,231,71,66,119,53,78,16,225,46,247,246,175,203,18,186,163,212,107,165,58,246,98,212,252,155},{78,172,75,10,184,136,106,73,167,16,30,77,166,102,241,107,153,44,255,174,138,72,14,145,104,52,2,69,96,103,140,168,74,221,30,215,123,108,77,176,169,202,241,9,217,24,182,169,71,43,38,197,83,105,33,101,42,161,252,129,79,250,235,9},{247,132,255,154,104,207,227,18,32,43,58,149,4,219,132,11,131,151,181,225,203,164,73,40,153,167,21,12,185,97,146,125,87,221,155,154,135,156,23,193,143,191,86,188,157,216,149,88,108,157,211,196,31,63,204,73,22,187,46,251,226,184,14,145},{203,36,244,5,109,194,102,222,171,38,151,174,234,41,183,126,84,4,233,51,251,208,161,157,229,161,179,107,117,231,175,54,97,219,26,91,148,129,30,224,140,236,30,219,68,177,225,67,248,22,61,144,206,167,71,142,131,143,148,130,242,128,58,83},{99,110,153,67,104,2,49,95,250,179,113,194,133,2,228,105,86,35,45,198,118,250,8,191,160,55,182,116,143,176,237,149,150,254,4,112,205,100,90,20,128,136,215,218,77,58,246,177,119,194,240,80,14,153,177,83,23,178,57,6,72,62,143,23},{95,39,173,243,144,34,180,115,49,238,100,122,140,211,246,243,223,40,42,217,144,66,206,233,91,159,33,204,59,121,175,94,217,243,13,193,170,232,214,112,219,167,89,122,64,245,150,247,186,69,48,76,121,126,76,82,1,217,120,90,21,227,34,50}},{48,79,207,94,194,74,70,172,240,100,143,128,114,192,200,167,14,226,11,104,84,117,143,124,3,83,112,173,91,31,89,140,115,106,18,131,7,123,16,48,7,254,44,238,95,117,128,41,168,11,33,203,123,88,173,52,173,151,212,48,91,56,229,208,167,109,217,255,178,190,215,172,222,127,214,23,2,156,31,187,244,192,221,180,74,109,48,16,207,207,28,95,173,104,226,26,154,25,49,116,206,43,103,51,197,90,233,146,84,225,92,181,27,142,81,15},{1747}},{{{4,163,63,123,165,23,134,16,159,241,254,137,134,67,14,119,203,21,18,195,164,249,160,255,80,171,153,224,193,18,231,61,229,113,8,99,116,95,156,204,161,236,76,162,211,193,221,206,89,200,76,99,36,230,232,53,9,100,114,110,12,74,72,74},{162,117,101,38,39,241,204,127,56,26,12,5,11,199,131,38,243,93,50,47,14,95,169,215,186,129,34,10,169,43,189,19,137,116,107,235,184,132,67,51,183,18,154,205,241,229,231,55,171,236,95,60,140,231,47,109,85,162,238,191,168,4,148,12},{10,157,8,2,220,151,251,254,12,22,182,18,125,221,154,27,160,116,200,238,208,110,3,93,170,48,136,169,238,186,34,33,39,146,76,231,243,44,114,36,112,87,95,40,241,246,94,14,252,90,168,230,119,39,159,28,20,35,180,49,143,8,146,155},{241,41,228,104,211,20,47,243,2,232,3,229,120,20,142,231,166,182,63,54,25,17,79,3,208,162,93,78,38,217,65,64,160,37,9,60,189,78,210,210,48,182,124,33,186,62,247,164,88,224,82,203,204,46,30,6,52,235,72,123,172,39,3,102},{135,29,241,208,241,165,10,82,182,9,69,233,157,78,173,96,31,21,139,209,75,23,98,68,179,155,150,36,235,95,137,158,40,53,27,153,47,239,181,40,75,217,64,69,215,130,161,126,171,19,86,204,147,191,73,67,61,109,34,111,249,115,10,78},{90,180,214,115,182,166,105,13,171,126,203,251,201,201,9,199,136,177,216,241,34,117,179,175,137,145,58,240,71,6,85,80,89,86,245,88,18,12,26,147,173,226,224,106,234,193,209,108,212,70,225,102,163,253,112,102,19,246,132,1,115,113,140,254},{115,143,59,176,28,105,216,167,145,191,240,143,170,89,209,7,135,214,210,206,237,128,110,33,57,23,255,191,69,118,40,183,13,208,249,109,226,169,206,118,179,190,163,48,178,53,186,173,179,167,78,133,92,123,227,83,60,75,196,28,221,72,60,60}},{180,150,42,86,135,220,167,176,158,44,238,32,187,231,62,133,87,211,248,172,141,66,6,64,251,69,13,77,59,117,174,146,150,29,247,183,57,62,158,139,9,167,244,159,213,52,195,186,2,191,255,153,175,109,239,237,13,105,147,251,250,210,172,139,185,187,175,70,231,110,53,166,158,28,81,203,51,17,190,100,95,253,25,59,58,179,85,15,183,56,205,199,175,157,109,2,103,233,176,105,242,138,149,74,222},{8994}},{{{118,165,125,161,183,39,196,144,252,7,76,112,144,196,254,31,195,236,81,192,173,15,52,113,234,200,50,61,20,99,163,10,33,154,128,59,21,222,197,57,13,235,59,80,153,238,41,234,8,179,19,62,124,33,95,9,237,109,220,241,76,178,85,212},{66,152,202,253,164,180,241,110,239,193,98,45,252,83,100,163,157,63,128,84,167,187,99,225,172,199,250,188,57,196,43,240,99,45,243,21,148,20,40,164,211,194,6,143,103,214,190,17,88,148,227,149,46,185,153,183,60,52,42,59,99,245,8,88},{86,134,61,7,182,29,184,208,236,2,169,227,38,172,162,27,105,230,139,198,156,85,116,76,223,6,32,152,49,18,99,169,244,118,98,18,205,210,9,49,178,246,172,69,46,196,92,59,123,119,2,32,219,211,96,229,250,49,96,119,156,23,216,32},{211,192,176,64,28,112,58,174,50,27,40,3,136,91,105,217,207,163,210,192,134,191,247,73,62,198,243,150,157,60,114,107,62,25,129,47,45,203,109,13,161,241,6,114,10,49,187,59,4,23,186,246,231,239,24,20,65,196,91,128,203,191,122,115},{108,249,167,253,160,2,103,83,220,13,94,94,177,178,55,26,234,198,246,71,181,225,227,106,168,168,68,122,120,26,4,241,236,194,212,147,200,50,52,50,94,253,179,20,16,26,186,192,7,107,6,93,165,18,233,219,123,172,98,19,119,171,68,126},{17,144,238,247,37,253,242,26,173,95,122,11,224,191,145,31,113,56,175,15,164,55,18,251,85,99,145,131,92,145,242,91,38,151,60,36,11,225,47,30,177,232,229,22,118,37,47,16,124,57,166,251,70,143,214,53,85,167,250,127,217,253,249,190},{97,208,160,222,65,25,146,230,3,249,227,45,138,94,41,235,63,215,103,167,220,120,180,46,240,249,255,241,33,226,122,239,155,91,23,127,36,180,205,111,212,254,162,71,215,106,44,115,128,75,76,23,37,38,166,237,9,186,66,164,70,75,51,162}},{137,47,139,69,115,73,138,246,109,208,63,75,201,243,254,23,105,251,182,50,193,180,110,200,138,254,228,115,88,149,117,206,180,172,56,164,59,33,206,40,191,46,160,213,202,230,232,108,233,9,70,252,145,9,34,116,38,197,157,217,173,203,107,85,53,202,144,244,93,38,123,255,139,101,15,214,95,146,1,129,145,29,242,33,33,179,8,26,53,41,50,248,249,185,46,56,69,246,55,30,114,176,209,52,238,140,88,86,255,171,38,210,17,147,89},{60049}},{{{16,51,58,236,227,178,154,34,76,178,183,83,189,52,71,112,210,59,36,87,100,118,93,66,106,14,204,75,217,240,118,18,73,248,160,158,120,93,114,51,4,133,194,27,25,13,90,146,224,217,180,73,139,166,160,100,116,223,189,13,206,157,176,61},{154,81,124,98,46,8,167,142,48,54,3,242,247,162,14,195,125,209,111,31,113,102,146,184,229,123,147,150,111,5,198,108,201,33,127,78,225,223,28,228,95,106,134,120,30,213,20,29,125,71,93,48,74,72,81,155,160,98,56,251,21,239,228,127},{189,123,159,26,227,62,136,144,9,134,180,200,246,116,95,42,30,14,34,55,180,112,254,26,242,6,107,238,186,180,61,215,200,74,140,212,29,81,110,194,247,241,234,37,30,91,23,61,125,243,189,33,154,249,165,195,119,117,113,166,73,98,44,175},{178,194,177,106,109,224,127,101,213,213,140,247,36,99,34,232,169,17,93,83,185,110,108,112,129,207,194,212,152,69,92,112,151,236,6,156,104,7,114,81,156,222,69,64,60,157,54,3,60,181,196,142,246,191,243,52,229,132,204,209,93,145,52,229},{249,245,81,41,136,167,197,95,226,71,113,67,3,129,162,181,42,188,142,4,254,207,59,83,42,200,75,50,255,174,139,243,122,37,199,120,6,220,154,213,63,177,72,109,232,39,74,175,40,105,6,215,157,99,187,85,63,155,246,21,31,101,132,46},{97,67,198,119,255,39,8,15,98,50,34,157,199,50,220,48,199,135,22,229,11,104,150,223,69,118,97,193,28,32,47,229,182,100,21,12,240,172,7,89,216,51,15,236,241,98,181,114,92,69,130,120,123,202,149,245,28,238,45,133,253,87,120,142},{177,52,176,69,177,219,66,153,125,72,38,238,185,72,100,149,72,108,10,122,80,194,161,17,157,250,49,135,178,105,157,43,9,15,57,83,61,90,112,209,209,149,244,54,74,191,222,221,230,43,228,102,240,251,33,216,239,16,39,109,135,252,245,35}},{213,102,61,88,193,45,21,105,112,234,141,123,213,77,19,25,136,184,71,137,108,254,110,9,219,191,38,215,79,111,144,69,201,68,17,59,94,83,23,255,252,61,122,171,152,248,72,218,148,61,174,75,215,204,230,234,37,65,113,26,226,147,175,131,123,136,56,168,241,49,95,43},{22520}},{{{240,219,126,78,144,202,187,110,164,1,81,58,104,28,175,163,130,208,92,70,192,147,172,88,148,213,73,57,200,70,164,202,127,219,164,57,214,90,188,59,82,5,245,18,146,55,24,211,192,118,161,129,111,149,55,59,115,38,246,83,157,110,195,31},{42,177,227,40,116,249,49,95,39,179,206,154,107,9,3,186,144,229,81,127,77,100,10,238,26,32,73,139,215,206,230,106,107,248,163,108,152,140,2,186,246,206,227,170,234,204,194,6,218,126,93,41,39,172,18,68,215,109,208,6,18,27,40,181},{24,99,88,142,92,147,118,101,81,212,218,125,47,121,159,26,32,163,23,149,176,219,92,116,35,82,250,165,111,15,33,224,153,167,230,252,138,72,28,230,123,87,82,85,167,25,45,167,154,75,234,35,85,141,23,223,229,251,127,190,94,51,237,153},{250,155,209,249,79,60,105,4,45,99,66,42,168,47,9,215,241,53,180,34,223,76,57,164,91,42,141,178,105,207,15,212,135,117,12,41,135,222,214,237,167,241,225,148,203,229,82,217,117,117,191,178,250,179,175,126,168,46,56,237,77,238,78,250},{51,254,90,8,2,181,147,195,12,124,48,248,217,145,193,54,111,184,181,245,208,59,251,172,171,84,121,212,43,64,10,43,159,69,133,157,166,193,235,193,248,8,229,201,232,47,39,20,140,94,116,8,78,69,63,204,36,114,9,244,206,178,120,113},{182,156,179,2,220,27,88,225,99,224,246,97,228,4,14,204,51,96,244,80,201,34,69,217,253,119,30,163,245,149,26,169,112,167,6,66,68,247,217,248,216,23,233,83,122,108,162,136,173,134,190,102,180,190,74,167,146,13,113,187,181,108,187,9},{207,239,3,224,81,44,169,229,124,172,161,80,119,226,241,36,211,109,244,84,80,170,64,36,157,56,119,49,196,163,213,50,94,178,198,37,146,226,164,114,246,214,236,49,106,103,174,70,98,128,102,39,197,211,84,175,215,240,44,181,147,237,174,168}},{44,242,25,41,138,122,17,87,133,1,123,12,55,253,213,141,159,205,236,27,193,251,128,27,202,102,142,76,127,89,38,226,84,44,70,167,230,201,62,112,153,122,157,0,201,227,179,74,77,14,187,88,169,88,249,158,106,15,170,127,2,175,56,139,233,61,139,114,0,162,135,22,218,52,9,140,123,208,213,141,185,185,76,84,183,216,56,201,32,153,37,93,95,75,205,88,204,196,168,225,52},{61799}},{{{111,146,125,24,138,255,140,250,8,199,103,24,146,226,242,254,18,8,51,205,39,205,233,181,183,222,113,187,18,32,64,11,188,187,28,22,205,36,234,245,248,163,188,125,82,107,192,152,155,89,85,21,65,237,246,177,138,53,209,99,226,149,184,161},{24,227,64,69,126,218,22,38,50,48,91,206,35,62,14,234,129,176,28,95,82,115,132,219,31,248,62,213,254,235,39,113,179,230,216,62,198,5,33,40,26,233,177,45,220,229,138,119,56,225,13,175,235,46,129,70,145,211,156,77,133,179,54,145},{57,245,134,9,57,236,104,185,218,108,166,100,49,32,255,126,240,225,87,50,159,249,151,25,33,108,104,198,142,66,110,175,206,102,90,103,240,122,131,5,80,19,5,165,198,211,123,198,101,130,70,135,204,12,160,255,193,225,235,203,114,76,46,68},{246,72,101,233,233,192,180,213,127,179,113,115,104,243,119,8,78,27,192,9,252,242,78,120,92,66,13,180,85,166,134,92,140,90,196,192,100,243,183,191,11,88,76,207,84,60,233,94,196,197,186,17,230,25,173,48,190,23,127,248,136,52,79,153},{117,155,79,211,113,229,234,201,171,196,198,23,132,88,166,155,76,147,108,103,98,167,185,58,103,83,190,40,55,52,88,90,108,33,108,207,29,132,121,12,188,139,172,114,183,95,22,185,32,102,158,248,25,254,79,118,46,177,106,214,10,84,127,51},{165,185,230,71,164,8,168,50,125,198,170,213,8,11,55,96,78,150,111,96,36,134,42,5,200,112,43,42,221,79,13,36,113,194,89,90,112,88,41,228,217,57,94,44,145,112,67,187,198,207,90,148,250,238,78,7,243,45,166,176,148,44,146,84},{139,223,112,200,230,132,128,54,166,253,94,235,165,92,50,115,202,236,221,197,217,206,87,87,186,38,7,2,230,36,147,28,86,216,250,222,15,85,13,91,224,228,102,60,11,236,102,71,226,34,100,234,171,235,220,169,137,219,58,246,44,13,192,190}},{163,152,197,96,232,96,101,187,171,165,15,128,91,150,227,88,200,22,54,40,8,85,24,101,126,46,218,140,80,146,195,52,54,56,141,64,89,15,69,230,0,230,198,33,161,129,49,113,86,146,101,137,200,102,179,203,89,55,203,229,185,165,33,57,177,105,209,133,73,146,88,209,194,132,42,159,83,33,185,105,136,149,45,219,153,39,50,188,240,18,184,187,160,24,183,5,232,222,175,69,231,122,164,41,69,122,71,216,225,36,112,247,129,147,40,238,249,128,62},{1440}},{{{114,161,207,135,80,243,189,2,154,253,103,157,244,4,236,243,131,48,188,33,187,238,15,70,135,196,75,31,1,186,57,107,84,23,20,49,82,45,135,176,218,15,189,190,160,18,34,197,71,118,23,184,20,14,63,240,28,201,72,134,252,25,90,153},{215,128,6,76,75,242,69,253,123,100,17,63,195,244,11,223,18,79,95,139,58,27,221,218,25,52,58,19,87,104,197,231,246,93,5,228,28,47,223,61,94,6,107,235,191,70,189,201,5,204,72,236,31,92,157,51,80,27,24,211,114,66,254,29},{202,86,101,234,223,186,247,161,155,219,187,55,113,51,6,103,209,172,206,172,105,84,181,16,141,202,183,113,204,223,248,242,69,209,72,255,163,163,8,17,180,132,173,98,145,43,179,106,90,150,236,118,186,93,3,240,45,37,56,117,216,7,179,231},{247,55,189,19,43,175,195,3,238,1,248,117,119,199,89,130,224,186,168,96,112,22,1,90,17,153,185,19,121,101,112,28,231,147,45,175,207,32,56,13,118,60,241,248,87,18,34,201,202,1,229,35,65,252,19,65,112,166,188,233,142,144,234,78},{49,49,172,24,165,5,133,7,162,109,100,243,92,65,209,75,109,201,149,188,6,42,109,106,152,46,239,18,110,115,138,221,40,157,195,134,11,142,94,153,157,250,148,5,195,167,126,178,239,38,190,80,173,196,252,173,136,82,108,179,82,222,245,67},{71,194,167,109,218,65,140,148,146,183,138,191,99,226,28,38,104,14,8,210,172,153,163,122,184,127,19,120,14,113,198,51,169,193,215,168,90,134,38,13,183,201,161,146,80,2,121,151,7,15,89,77,48,40,231,109,144,175,223,58,239,243,133,128},{125,185,171,173,83,103,136,170,245,77,120,119,247,114,64,239,125,124,73,214,5,69,104,227,48,99,130,137,27,33,112,198,209,5,82,106,93,172,144,234,96,57,3,232,55,53,131,234,33,70,255,141,82,90,126,125,129,229,112,101,50,254,13,184}},{173,203,185,137,141,54,79,125,171,221,28,113,51,150,9,11,120,160,165,247,149,20,211,20,104,28,79,49,179,121,143,217,84,254,68,20,235,117,243,238,60,110,84,37,21,109,191,181,145,174,121,59,48,202,141,56,236,32,94,142,225,155,147,254,33,239,243,216,97,205,23,45,227,150,23,206,191,175,222,50,139,150,33,91,103,206,177,195,170,70,252,14,82,188,104,88,97,137,158,193,139,92,64,84,246,152,157,90},{8872}},{{{55,184,191,184,181,72,70,23,84,242,165,2,243,215,75,73,154,204,54,203,201,228,248,197,250,50,212,43,215,81,33,25,114,65,107,10,26,251,134,42,212,8,109,13,190,12,103,91,40,161,160,2,154,63,98,79,211,190,119,214,173,127,227,101},{188,195,202,254,92,218,40,168,144,12,7,9,251,171,186,67,20,229,116,211,55,140,160,199,150,117,117,15,200,2,126,191,214,162,175,250,125,71,94,27,2,103,183,34,98,41,31,107,164,207,201,148,170,145,248,214,182,239,107,100,95,80,124,174},{215,163,3,73,57,93,89,191,1,80,154,127,166,185,173,72,70,154,131,96,31,192,255,79,193,53,241,247,126,114,98,219,120,35,98,95,217,160,38,208,30,63,131,212,65,32,101,239,85,22,67,19,51,56,250,60,18,14,18,30,228,229,242,41},{18,122,234,101,44,81,241,64,27,110,225,32,5,54,138,71,99,39,247,160,68,78,178,219,124,41,104,160,41,164,1,31,175,24,7,200,16,253,76,112,12,60,66,204,32,35,78,63,17,26,2,248,36,29,31,219,61,56,250,44,185,126,8,111},{95,197,6,181,60,213,116,77,151,72,15,190,63,249,202,141,118,224,76,84,208,203,30,102,129,182,254,156,192,171,187,154,175,97,107,140,85,123,240,173,146,81,193,215,205,235,100,58,161,218,208,77,129,104,166,6,133,186,255,197,184,225,3,21},{36,157,235,243,28,150,47,57,222,193,91,221,165,82,76,42,77,108,153,20,203,93,73,3,76,195,167,82,177,253,73,192,100,117,112,96,69,74,161,195,52,103,204,20,215,217,199,235,193,170,82,43,213,100,254,106,94,111,153,128,22,254,108,171},{4,138,159,87,217,254,42,194,251,83,199,240,210,60,23,124,109,106,106,103,4,107,233,245,1,227,238,138,205,147,26,199,164,45,24,164,74,100,102,73,94,157,217,114,107,31,77,26,186,201,56,213,232,28,81,247,173,158,205,174,106,238,222,161}},{34,139,26,229,16,180,96,244,119,127,174,69,228,80,69,144,41,120,114,52,199,126,252,154,234,153,233,70,204,219,154,165,84,238,255,221,227,1,64,50,70,255,27,82,208,163,174,50,215,103,199,251,36,83,193,16,144,239,88,41,28,67,63,210,158,88,87,87,113,15,134,58,206,123,12,242,128,21,117,224,24,58,100,154,181,167,150,59,192,176,112,191,196,237,123,194,233,0,70,123,176,201,142,255,132,94,35,53},{42577}},{{{71,174,214,31,91,165,214,119,232,175,78,68,150,170,172,21,153,57,174,187,87,15,196,5,81,175,166,35,3,46,96,50,27,26,198,138,242,146,142,53,202,55,210,102,118,22,143,157,222,37,51,111,118,103,240,184,8,218,245,77,150,161,40,244},{230,172,92,218,148,135,182,1,157,126,154,132,35,61,109,142,229,159,82,252,237,52,217,246,18,210,3,86,1,194,222,137,127,181,190,24,16,253,23,213,239,85,56,247,223,94,151,199,225,134,162,234,208,111,51,26,35,11,215,82,188,148,172,80},{25,84,37,119,33,194,130,25,181,90,187,4,204,86,219,244,212,202,210,49,35,241,1,245,19,153,77,162,161,249,182,197,70,162,149,106,219,112,144,146,85,121,13,36,102,233,161,153,218,152,242,178,25,184,89,8,97,174,116,130,219,43,73,102},{225,104,125,30,120,97,112,193,177,251,3,125,165,117,183,148,116,250,102,204,252,92,3,204,5,44,203,134,226,109,1,243,223,55,86,98,237,70,99,2,193,206,132,224,56,163,245,245,230,155,8,89,231,111,42,54,83,85,126,104,3,102,30,184},{194,246,236,64,166,208,31,232,169,101,82,167,123,98,6,68,221,229,178,157,176,220,53,114,63,186,10,60,150,167,107,251,123,77,100,215,30,170,194,117,120,215,59,141,237,112,137,12,86,82,151,2,73,98,34,126,76,60,55,189,128,14,91,204},{184,197,5,78,3,16,224,120,104,238,65,188,103,254,35,37,61,40,96,251,119,41,86,68,82,253,122,78,115,148,253,36,192,208,100,60,240,132,120,246,66,120,203,205,100,125,69,62,20,72,163,166,172,145,248,37,217,69,179,236,125,165,145,159},{171,200,126,228,25,31,227,114,27,115,118,230,169,234,14,193,202,16,11,108,87,108,247,90,236,247,195,132,143,108,182,191,11,32,78,41,17,187,27,204,164,77,192,174,96,187,144,144,123,33,46,137,173,122,252,44,193,151,66,150,241,8,59,26}},{170,54,138,79,20,175,178,191,140,74,245,131,8,136,228,248,48,26,161,11,86,65,104,59,160,148,1,199,48,35,34,56,37,180,118,86,53,149,133,180,29,168,63,61,16,68,194,11,168,56,219,250,0,16,233,246,63,174,138,135,101,8,93,63,80,142,82,110,157,134,63,48,137,149},{41974}},{{{212,220,128,149,182,167,131,3,208,229,101,22,104,176,138,229,46,65,222,162,140,144,193,95,175,137,91,178,145,250,177,248,178,66,155,185,68,206,65,240,31,2,178,233,145,61,114,102,124,12,137,157,202,213,131,234,118,183,235,117,84,103,18,144},{35,129,251,18,129,185,116,252,162,145,199,88,190,121,105,150,133,181,110,63,74,3,2,18,243,158,71,168,176,63,145,70,176,160,195,229,101,30,140,138,180,137,207,58,252,179,44,40,250,178,207,170,119,154,186,175,172,165,68,61,224,166,177,183},{241,55,29,222,56,156,241,189,211,181,45,17,71,56,3,2,68,125,20,159,159,77,73,179,95,158,119,93,162,66,101,227,165,61,176,64,18,196,43,84,34,41,10,216,202,13,64,255,92,164,27,233,91,61,178,95,131,130,101,122,22,240,78,254},{186,143,120,10,22,79,65,79,83,32,86,17,69,157,29,37,213,250,47,87,107,14,19,202,174,60,128,199,47,96,193,135,3,176,71,24,11,244,47,246,14,190,217,169,21,197,173,191,124,46,179,240,56,149,224,30,163,218,193,21,112,55,150,19},{63,235,33,145,95,23,147,182,247,128,224,232,211,225,237,231,168,74,49,55,150,128,125,97,114,205,185,94,44,203,4,175,150,223,152,225,139,148,118,176,118,163,100,72,187,229,174,52,71,237,106,91,19,110,43,192,49,137,203,9,194,163,181,13},{62,115,52,15,124,135,183,27,38,82,105,230,113,230,96,90,121,203,7,53,164,63,174,28,6,75,131,151,34,203,181,78,114,109,208,74,158,70,184,107,2,87,236,115,137,158,137,24,58,38,195,65,178,203,156,213,60,78,52,81,64,242,129,213},{138,11,210,38,152,81,204,26,220,59,56,62,45,191,233,136,27,116,116,203,224,178,196,75,10,206,75,241,37,129,223,72,53,210,107,17,90,255,16,3,6,140,98,237,69,10,68,140,224,34,119,82,162,132,71,123,76,221,114,140,14,74,245,27}},{32,117,16,46,72,119,129,158,28,48,55,165,32,5,218,91,101,41,244,47,169,27,236,164,199,118,165,220,56,252,179,204,5,198,184,223,211,220,86,194,9,183,193,184,138,121,196,104,75,42,57,107,179,200,173,36,138,145,235,187,73,212,2,0,201,21,197,147,157,250,145,180,39,93,49,134,161,126,208,75,42,24,10,178,172,187,178,169,232,67,84,233,83,12,147,100},{62322}},{{{25,32,165,160,192,8,196,32,85,135,205,249,183,44,174,82,95,30,68,177,227,183,109,140,96,216,152,21,248,29,60,42,253,224,9,241,207,56,177,17,90,239,130,16,137,167,183,212,112,243,156,210,209,145,51,167,233,20,243,183,83,17,33,54},{115,108,161,62,239,23,221,68,128,234,248,183,199,215,97,117,47,53,151,195,71,51,77,189,204,176,4,168,56,96,219,128,18,148,195,177,49,234,104,254,31,114,125,191,93,28,36,9,79,247,97,134,73,236,104,243,125,80,87,98,239,168,4,196},{74,93,12,165,97,104,81,158,197,169,212,155,237,134,166,72,131,89,176,28,5,87,219,181,207,225,46,247,201,223,105,158,55,222,210,87,18,46,119,203,230,34,237,84,75,160,205,163,249,30,253,2,13,20,26,123,99,55,197,91,239,18,184,40},{115,126,100,93,193,219,172,57,99,240,79,25,130,4,151,121,137,234,67,98,124,131,98,37,54,242,7,109,105,209,223,153,157,79,183,124,121,18,9,41,49,229,33,20,11,174,222,57,129,138,56,237,17,2,200,180,225,62,144,135,166,91,108,169},{184,108,39,96,105,65,128,180,209,78,143,72,231,35,64,34,198,98,24,153,102,144,168,115,132,12,30,23,84,61,244,179,28,239,156,68,47,42,109,199,213,7,242,1,13,223,61,213,178,63,62,232,55,249,219,152,37,121,80,248,51,122,66,253},{100,123,144,2,37,44,96,159,44,234,183,129,124,97,161,2,136,43,162,250,164,108,183,113,87,131,14,213,78,186,233,227,122,104,53,74,148,158,19,232,250,192,242,173,165,192,32,48,224,85,73,208,21,199,147,58,97,227,167,22,231,237,113,164},{228,124,160,172,127,1,125,86,205,109,52,218,9,153,194,171,100,21,229,145,33,234,48,99,244,202,136,174,108,137,25,121,251,190,24,162,131,137,48,140,96,15,116,29,223,29,53,165,224,119,19,119,104,53,83,147,2,41,230,7,156,104,212,25}},{147,72,185,33,247,74,59,243,56,129,255,205,141,5,203,104,199,74,95,204,44,203,37,214,98,61,239,233,52,139,49,56,120,36,227,245,217,150,250,152,92,8,193,178,51,100,123,93,93,129,44,9,22,89,56,109,102,248,29,92,200,72,40,210,130,75,183,38,73,46,226,9,26,159,207,45,37,106,235,53,252,224,200,70,85,144,178,22,111,134,206,91,44,85,91,255,204,38,49,110,242,119,2,187,7,80,89,141,77,252,13,93,208,80,97,208,147,222,127,244,31,84,22,134,38,11,56},{37764}},{{{64,180,58,100,164,253,61,187,35,160,130,71,20,245,106,152,56,150,9,123,244,119,29,74,46,203,50,139,102,107,101,235,179,58,131,239,108,179,95,88,32,252,82,214,250,246,146,228,87,144,69,233,110,38,118,210,121,217,74,114,170,165,23,202},{36,19,17,72,88,63,106,221,12,215,198,46,165,220,224,223,131,93,146,240,207,118,173,155,122,196,17,33,212,108,144,133,117,206,180,214,49,127,60,96,143,211,110,199,15,173,61,58,196,137,245,212,223,231,140,237,112,188,24,65,150,54,237,180},{43,149,46,11,191,75,152,12,195,108,213,127,142,179,106,152,15,79,137,117,176,17,169,54,116,220,233,138,7,8,43,145,24,7,177,228,237,173,34,226,148,105,54,216,171,231,167,217,89,13,98,68,160,174,145,164,219,107,30,124,53,247,130,127},{96,71,51,159,245,222,155,163,69,243,233,48,35,194,67,234,239,78,119,13,193,212,216,107,8,60,131,69,133,203,180,133,50,101,81,169,166,101,165,164,9,205,54,85,57,119,208,158,41,220,168,20,63,147,118,143,87,148,175,2,229,56,125,3},{162,80,5,254,253,55,140,1,130,194,161,230,32,38,76,74,138,41,184,142,8,28,156,199,206,220,122,219,190,103,154,67,71,116,18,41,157,34,28,111,25,211,86,179,3,108,186,67,78,235,110,179,234,200,11,245,36,174,235,37,197,245,14,216},{213,30,168,17,85,153,211,85,51,96,188,188,30,223,77,110,58,51,185,149,139,152,140,91,127,157,140,132,103,100,103,42,213,122,224,208,144,4,220,8,247,122,41,155,26,225,126,246,124,178,121,61,252,236,137,86,17,207,38,6,179,240,41,212},{71,30,19,75,75,1,245,205,91,76,48,191,66,46,129,182,6,46,16,107,128,16,36,115,201,194,57,123,77,94,103,92,115,188,231,80,4,228,135,55,12,191,239,73,7,134,18,68,5,18,180,21,159,138,186,92,106,148,127,15,81,54,166,206}},{231,189,21,35,42,209,153,0,83,101,203,203,10,99,67,112,167,241,86,14,128,18,115,122,233,248,115,131,177,232,168,250,248,109,25,0,45,138,149,37,88,117,104,223,197,29,55,162,82,27,114,84,24,155,103,3,96,222,103,72,241,182,6,59,176,167,172,136,235,201,215,85,187,188,204,94,206,216,105},{17957}},{{{22,241,235,179,212,235,1,73,14,63,210,96,237,20,79,32,242,126,188,186,65,54,176,82,245,85,223,77,3,190,244,214,202,241,38,119,233,218,95,142,225,196,138,21,128,148,87,158,215,52,83,196,90,8,154,121,189,204,69,73,115,106,63,193},{183,199,65,147,116,190,243,228,187,91,51,253,12,156,240,120,216,97,66,221,151,108,21,172,116,143,129,105,103,242,149,53,144,39,210,210,130,161,94,15,121,116,109,219,65,202,44,184,1,88,111,37,250,179,222,117,75,29,88,221,185,69,27,167},{35,102,198,239,51,176,121,28,241,222,213,120,148,29,210,214,215,26,225,46,231,50,147,244,255,18,195,76,165,237,230,182,27,57,22,189,65,161,190,100,196,224,40,242,2,200,48,107,252,74,138,107,217,147,165,92,3,73,63,102,244,146,168,75},{184,59,104,30,32,197,148,248,1,238,135,79,182,208,168,159,8,55,103,221,188,229,109,52,20,215,151,191,95,170,78,149,135,239,86,6,15,234,144,216,221,167,2,128,157,215,218,181,125,251,28,54,214,47,195,191,242,87,158,128,59,95,195,149},{145,251,146,41,137,230,212,134,2,248,166,100,194,197,39,214,160,200,91,76,113,83,189,187,124,34,207,64,105,150,235,3,113,210,244,226,147,231,149,194,115,244,97,242,105,184,122,106,60,32,195,211,181,159,231,174,222,129,21,140,226,219,190,50},{183,250,166,193,11,57,132,77,127,209,92,127,51,79,112,221,21,100,89,148,136,55,145,227,226,120,149,140,37,33,233,254,57,136,121,230,137,51,118,71,202,198,114,105,12,204,192,106,95,99,3,82,77,213,20,199,193,27,241,171,191,1,114,200},{212,123,71,175,170,69,120,163,199,240,179,113,202,182,49,251,237,143,237,206,194,54,180,226,29,188,107,117,3,69,225,115,68,229,250,166,41,10,123,135,91,87,235,124,143,245,160,189,33,33,89,36,246,155,91,238,28,119,142,67,231,63,245,109}},{16,152,224,120,75,92,29,9,110,26,51,179,22,176,32,122,77,38,131,47,19,153,103,63,42,67,175,162,83,97,109,244,195,233,231,181,255,121,196,132,249,157,47,174,159,32,32,105,102,196,4,228,151,147,201,160,238,58,38,174,174,193,227,26,180,255,124,11,233,19,222,190,152,236,189,167,31,188,83,212,113,162,21,250,84,114,209,101,207,238,156,226,219},{43718}},{{{132,30,202,96,143,157,181,132,237,176,135,149,32,60,222,65,82,243,8,47,234,217,123,157,153,223,136,145,241,174,123,116,30,68,46,23,221,134,115,19,92,144,221,38,13,149,98,200,33,113,17,198,10,9,181,56,255,141,194,238,225,45,253,145},{44,68,164,29,66,51,56,22,147,165,183,136,176,135,23,44,223,240,156,26,188,21,131,85,247,230,184,81,187,160,146,51,129,245,94,111,253,222,255,230,45,53,249,39,4,110,110,19,219,96,204,151,96,196,95,119,8,34,165,52,70,101,36,233},{118,115,162,16,7,133,219,246,89,159,166,220,166,240,109,120,36,162,242,29,32,128,47,232,116,233,229,93,211,62,156,26,133,25,247,174,153,48,125,169,17,52,94,222,207,142,205,172,82,190,87,182,45,226,18,195,28,225,71,108,150,65,140,28},{173,13,255,220,203,72,30,20,133,193,59,241,11,243,233,122,233,105,233,196,143,225,88,188,114,35,255,49,61,101,31,115,16,13,164,227,244,130,127,29,86,206,41,65,40,212,53,227,161,7,121,129,53,10,232,167,117,153,54,106,190,16,146,89},{80,96,253,230,178,132,61,48,25,60,61,230,70,85,82,246,121,15,116,10,129,209,200,18,153,87,201,89,45,64,125,183,185,83,210,212,165,30,151,125,238,237,67,27,134,39,82,98,76,26,194,110,19,24,161,164,228,228,49,146,117,65,183,25},{204,49,175,76,81,113,77,98,27,172,128,95,24,247,88,68,206,243,98,64,235,160,251,201,23,76,224,177,136,214,206,58,201,100,180,243,150,36,248,17,233,222,207,92,135,206,179,138,40,29,30,154,158,119,41,164,117,115,18,16,233,103,184,145},{239,53,199,49,10,6,194,4,19,201,3,231,254,20,143,1,246,68,140,118,247,80,5,215,107,30,96,130,252,167,59,195,78,65,113,3,240,86,102,101,11,202,200,133,230,95,2,210,7,31,78,176,76,161,83,237,41,61,239,39,11,106,132,42}},{221,15,183,131,10,112,61,36,8,180,179,184,157,43,34,108,74,214,124,5,135,168,72,106,100,207,106,174,254,174,219,53,140,248,179,185,77,216,80,154,222,32,242,138,65,41,93,95,223,124,106,138,158,153,207,146,192,102,17,113,103,46,71,103,244,17,88,55,131,25,69,186,13,10,168,78,105,26,55},{61352}},{{{13,201,86,199,205,133,232,138,139,3,199,54,220,157,248,116,106,37,251,154,233,199,87,231,129,165,65,32,154,155,16,162,253,130,147,94,52,141,206,189,97,69,241,57,6,91,248,141,115,210,243,203,222,148,23,149,95,9,59,234,57,246,90,183},{22,26,42,220,25,118,133,50,74,101,132,83,201,154,24,168,197,235,62,143,166,252,229,96,78,116,69,51,255,125,199,222,245,15,2,213,231,22,52,115,156,52,160,181,122,238,105,17,198,110,216,215,156,238,159,83,211,110,236,239,13,212,151,132},{22,107,191,15,65,114,195,205,194,110,95,106,244,16,45,242,13,116,147,223,178,117,114,169,23,35,25,214,138,103,122,170,198,18,118,241,190,116,212,50,118,2,193,133,205,187,33,216,222,16,80,108,212,162,8,125,34,232,150,43,49,34,177,39},{104,163,158,71,51,124,19,238,230,80,153,238,86,26,110,71,202,36,193,139,47,195,46,192,207,176,48,213,10,134,33,13,57,25,255,51,126,19,187,231,123,138,7,61,54,119,235,46,130,216,126,247,90,96,102,165,96,67,188,45,144,53,226,154},{75,35,153,35,46,42,52,91,196,76,6,237,108,143,60,145,163,194,220,53,58,191,208,120,71,120,154,60,58,97,145,158,49,152,21,137,218,175,12,27,111,208,139,35,35,154,140,196,233,239,50,204,126,67,164,218,87,255,185,99,15,202,254,40},{48,244,94,202,21,47,204,22,94,243,105,58,150,21,186,54,198,52,132,184,187,48,220,235,34,62,202,243,200,78,182,253,228,94,243,89,97,91,150,44,66,81,14,151,238,209,51,169,153,100,239,38,65,248,2,129,2,253,231,94,90,246,73,234},{226,181,220,163,249,168,187,161,21,131,248,46,51,33,161,101,241,150,141,139,52,30,218,60,164,121,17,148,31,170,15,53,43,126,60,4,234,210,156,214,179,43,220,233,136,101,204,161,28,62,217,198,48,134,163,209,92,251,97,70,49,225,38,50}},{66,30,150,212,166,52,253,233,85,135,201,223,82,43,52,71,209,139,135,43,63,69,72,251,120,51,100,216,82,225,243,72,91,198,106,105,36,168,29,98,30,219,193,110,3,73,231,17,180,255,246,6,23,66,75,119,206,41,122,193,34,146,49,227,92,201,131,78,64,74,53,38,43,202,221,7,142,247,43,165,168,215},{3383}},{{{200,35,112,160,7,238,166,99,142,75,108,39,100,231,52,3,176,254,6,222,10,117,252,115,235,239,55,54,203,36,147,253,74,67,196,242,74,236,147,77,132,59,123,188,23,95,26,74,68,92,125,50,6,184,27,236,24,161,140,187,209,157,223,173},{87,241,83,43,194,90,207,250,235,137,208,40,243,167,198,137,106,178,197,100,221,192,215,208,241,214,68,22,129,247,74,122,141,248,171,62,131,112,193,187,22,221,160,194,211,242,122,15,56,30,184,134,60,165,45,72,167,245,135,20,145,201,141,37},{145,56,249,242,120,177,7,184,111,130,144,228,120,203,141,136,169,19,254,111,97,205,149,46,161,33,113,218,74,230,44,111,183,30,143,211,228,58,89,131,132,255,24,97,31,96,239,104,48,174,64,18,242,226,4,142,75,234,254,2,78,118,216,19},{53,254,64,83,80,182,161,188,241,244,119,82,60,223,16,143,55,185,213,36,140,203,214,186,87,227,124,74,223,44,67,140,194,31,38,108,229,37,101,58,66,20,37,86,58,180,190,189,154,181,101,211,14,50,130,142,38,165,21,61,59,82,44,44},{84,173,57,108,231,169,140,254,77,235,89,224,84,7,180,228,219,200,53,128,156,88,80,179,31,110,203,128,64,99,91,191,196,33,90,91,5,93,167,19,86,43,56,120,247,211,207,128,79,191,119,185,236,190,190,153,74,116,122,195,150,139,50,94},{173,90,192,106,242,71,20,48,102,222,211,42,82,173,107,109,121,125,22,113,215,49,205,110,124,55,99,59,94,252,20,155,242,81,105,244,227,140,159,168,137,225,201,36,12,131,51,94,13,247,227,79,173,106,176,241,117,116,249,108,210,36,209,195},{71,224,35,185,8,35,123,208,202,53,36,68,164,114,106,125,163,226,12,145,98,190,97,129,100,115,104,226,254,114,43,143,233,118,49,39,41,227,131,163,100,114,248,166,255,82,233,165,171,7,118,80,112,50,37,46,99,52,108,79,81,108,19,113}},{219,125,206,211,62,141,152,73,173,243,53,72,174,75,166,216,246,166,6,90,157,254,221,98,181,138,89,166,213,126,30,238,190,77,154,176,252,95,97,246,235,128,79,122,231,0,221,167,5,35,159,39,196,17,132,0,47,225,138,208,63,90,26,17,155,142,206,230,78,224,36,10,49,97,206,90,244,47,95,247,35,42,251,93,142,245,93,185,78,28,12,32,205,70,206,219,72,215,149,138,242,166,184,38,57,80,105,46,94,40,148,187,202,187,112,68,103,70,67,191},{36059}},{{{96,226,176,144,123,167,126,203,21,83,218,2,24,226,120,176,110,78,37,233,17,189,95,110,207,100,191,19,224,223,150,78,40,4,10,6,246,69,215,38,245,77,156,103,17,215,144,83,142,118,107,236,197,32,228,200,108,119,89,180,68,54,117,201},{206,176,7,128,124,185,183,69,65,100,97,14,110,177,170,102,190,2,126,218,165,254,123,30,229,29,234,215,81,162,13,105,167,110,99,72,65,157,144,102,223,250,148,57,131,231,184,174,157,153,17,85,24,35,3,88,121,245,185,168,170,127,253,145},{149,251,49,45,238,181,21,131,10,219,70,88,88,15,2,64,173,6,179,160,153,244,213,185,91,204,11,163,170,177,112,165,9,113,67,161,42,250,206,183,142,193,126,135,235,81,68,142,127,35,110,67,27,205,249,57,173,64,20,59,76,82,8,123},{144,218,55,9,177,101,202,159,247,93,209,103,190,5,220,109,222,125,234,119,201,34,98,84,61,31,206,103,38,242,206,228,200,182,189,63,152,122,77,220,232,177,240,161,14,239,101,64,63,129,173,61,102,61,162,38,166,177,123,67,108,128,49,246},{14,254,191,138,80,75,76,216,132,125,109,189,24,31,57,16,114,40,132,113,8,165,108,119,142,87,121,107,52,148,188,171,26,143,57,119,177,173,184,2,117,241,250,178,55,64,27,251,222,31,205,28,223,154,175,25,101,236,57,248,67,183,20,62},{89,105,28,167,224,160,241,162,79,116,223,166,12,165,154,237,159,167,187,65,133,70,157,104,85,15,245,140,50,231,40,74,11,209,9,101,192,89,227,117,22,166,220,67,197,185,140,119,202,122,211,49,155,234,179,217,221,164,175,221,205,219,174,98},{143,67,66,104,1,26,94,84,220,77,25,84,105,180,3,166,136,236,202,246,102,172,96,157,222,157,204,10,95,251,189,110,71,83,241,113,229,252,55,182,201,21,118,127,127,61,81,213,204,235,213,109,60,125,79,51,207,193,140,198,39,150,135,59}},{220,228,67,204,224,210,33,103,190,4,84,251,40,82,243,142,104,54,73,243,45,62,162,42,232,116,194,190,220,12,203,57,197,80,161,114,44,146,13,82,59,74,175,244,122,250,167,214,186,117,79,244,135,162,66,80,208,233,245,11,9,179,75,60,204,139,66,172,148,70,221,118},{35952}},{{{51,77,99,94,135,146,76,61,79,208,252,253,165,40,19,161,76,3,228,242,181,83,216,118,135,166,90,85,190,13,131,104,114,115,235,94,196,230,208,171,165,21,4,208,26,185,173,205,124,14,114,108,199,6,253,147,141,116,198,114,97,157,27,114},{128,171,91,118,199,8,38,180,167,6,15,13,218,167,3,101,234,83,209,13,186,71,223,28,96,55,23,134,90,92,46,121,62,47,195,15,104,214,179,133,97,74,188,41,234,226,238,172,229,244,187,106,42,10,157,216,171,54,41,211,47,112,78,186},{153,232,95,192,30,59,231,228,98,133,32,117,76,100,232,254,61,39,170,199,243,47,212,174,43,32,1,19,118,63,195,246,29,68,73,255,175,43,15,233,58,143,233,141,166,35,197,101,187,164,26,114,75,153,160,69,4,234,108,129,54,232,189,236},{215,84,77,11,99,210,28,46,60,80,81,7,9,99,216,83,27,61,140,1,27,17,43,21,180,215,95,115,98,57,100,112,116,253,186,157,155,32,240,35,132,31,247,33,150,210,55,10,73,37,252,9,18,149,182,168,237,210,172,146,35,146,211,152},{188,23,210,215,180,175,2,69,219,214,242,159,16,212,155,23,236,114,3,90,109,24,250,218,35,16,174,108,143,170,161,132,78,56,14,208,26,154,101,14,195,138,32,143,133,145,253,22,151,129,106,126,169,57,200,91,250,218,30,226,36,133,94,225},{80,41,20,204,21,150,24,225,175,47,126,19,148,188,199,8,38,192,96,59,7,117,199,66,98,72,81,108,65,185,47,47,220,158,152,167,130,248,248,21,224,153,92,171,185,197,16,113,28,204,76,157,57,246,151,107,44,29,174,48,192,33,61,162},{7,96,123,145,82,185,86,64,38,93,94,170,232,255,141,48,162,145,72,34,186,31,57,159,135,125,140,94,127,188,56,190,125,211,162,211,15,225,17,44,71,175,96,88,144,186,187,1,247,200,24,252,41,175,83,129,247,15,150,95,167,98,87,65}},{224,132,172,17,31,247,34,13,174,50,185,18,235,249,253,134,54,111,119,100,111,90,24,65,121,2,143,35,82,250,76,171,86,102,72,157,206,41,52,186,166,120,250,182,24,252,114,230,208,10,174,188,21,216,233,147,8,162,21,66,61,67,0,179,252,16,70,220,140,234,4,198,194,44,35,0,184,231,85},{8786}},{{{161,175,174,8,51,236,21,218,7,70,188,194,193,17,16,195,90,43,76,194,178,184,68,255,59,217,184,99,254,229,241,90,179,148,243,105,141,57,158,3,59,164,30,115,121,77,4,80,168,87,247,243,113,128,205,115,49,169,110,17,187,51,192,197},{23,9,103,166,54,91,183,137,21,177,29,221,103,151,84,15,210,12,23,139,201,75,65,8,158,5,204,45,224,236,176,80,250,227,89,202,144,234,136,210,230,122,181,32,107,71,192,242,200,57,29,75,159,187,52,105,236,156,187,29,222,69,135,87},{120,19,135,215,194,112,125,181,69,174,249,35,110,140,190,180,124,61,30,199,159,251,102,221,179,113,102,35,252,66,67,235,9,35,43,250,72,202,115,80,144,144,116,198,56,41,90,157,85,122,222,171,89,225,198,122,194,244,135,93,50,123,63,61},{106,76,239,131,142,93,49,38,195,48,115,203,42,102,166,135,59,208,39,62,89,25,19,28,137,219,105,146,227,15,24,225,137,222,177,246,55,54,131,48,244,163,65,67,214,9,173,236,126,66,209,98,38,80,117,193,238,185,210,128,248,72,110,137},{65,114,189,217,216,67,100,44,196,18,103,74,145,84,231,177,222,67,99,223,59,141,40,90,184,15,244,251,212,71,194,29,230,166,164,186,22,50,50,100,19,230,183,243,129,55,1,148,23,144,14,28,207,114,190,207,89,21,100,79,234,123,81,43},{151,102,180,24,226,161,208,153,5,216,239,104,218,136,202,69,37,27,56,81,153,149,80,223,11,218,122,98,57,161,212,129,56,231,49,251,191,101,115,64,164,194,126,84,239,1,238,17,80,232,87,195,113,218,229,161,88,153,42,42,9,67,227,200},{202,110,208,8,183,71,155,216,7,192,126,118,43,196,180,182,122,85,214,179,230,252,200,234,165,70,220,233,117,94,113,248,207,229,64,129,16,251,178,174,127,70,20,141,70,200,54,167,114,179,244,99,31,12,206,143,154,148,184,210,249,62,14,4}},{213,158,93,98,161,136,91,3,38,231,77,59,16,231,245,18,125,159,156,56,38,13,11,180,217,247,9,76,113,110,103,151,59,219,182,100,165,186,203,238,252,23,219,209,94,113,171,55,35,14,84,137,136,167,168,77,168,108,41,17,89,102,60,252,111,22,117,19,190,96,87,27,200,9,81,129,90,25,173,242,136,118,184},{56882}},{{{128,14,218,135,113,166,229,86,235,240,132,200,229,67,134,223,242,167,61,145,87,33,193,52,3,91,205,102,6,93,251,143,182,134,26,255,255,207,68,146,121,78,78,209,115,106,185,104,134,61,191,246,130,20,6,128,139,105,92,71,130,231,183,26},{194,103,209,144,44,225,1,40,87,82,13,80,111,103,43,103,124,159,49,82,70,2,150,119,20,70,212,53,163,255,99,104,123,83,101,163,183,189,228,68,192,45,80,25,182,250,248,142,69,73,25,194,235,6,241,145,133,9,159,52,86,169,17,81},{153,112,98,242,205,118,98,53,110,155,102,218,186,240,118,49,250,122,203,29,53,42,103,159,15,41,182,174,123,143,145,75,8,189,217,211,165,212,157,161,39,47,210,150,234,117,223,225,167,95,140,45,82,149,156,233,9,77,162,79,144,207,42,70},{232,235,200,23,59,127,1,239,115,229,246,175,214,4,66,208,128,19,248,76,244,222,68,67,116,185,128,82,175,154,35,168,99,41,179,72,176,139,66,117,138,197,83,142,206,158,152,136,243,131,43,203,160,65,122,225,219,186,61,218,116,200,176,237},{114,151,228,217,74,192,55,111,99,5,85,124,213,231,180,249,163,158,121,246,143,128,241,221,138,111,20,65,219,254,116,186,139,192,230,14,129,70,101,19,108,201,3,80,226,145,58,192,24,108,52,106,51,224,1,131,35,130,198,116,116,168,122,237},{56,41,109,243,168,225,139,125,58,238,4,151,100,12,226,62,239,229,162,191,74,19,70,69,41,56,157,184,228,36,249,234,187,212,49,37,50,37,36,225,130,90,211,7,250,225,49,147,141,99,163,130,58,50,72,57,33,80,122,46,97,18,188,56},{16,220,41,10,213,138,68,6,55,164,245,13,165,5,92,79,8,234,90,77,59,100,220,175,79,88,74,16,138,103,189,178,190,213,60,38,50,128,191,202,192,109,205,213,246,23,199,71,114,114,131,13,30,246,11,81,20,198,26,92,57,234,243,37}},{6,49,28,132,203,42,81,98,241,53,218,241,43,151,247,26,155,221,123,239,69,147,159,128,136,35,216,23,204,253,166,83,242,98,203,43,172,53,227,42,153,56,55,222,107,57,246,253,54,150,41,140,34,73,50,8,219,232,148,182,28,3,222,125,187,221,24,7,82,79,46,222,96,15,193,138,68,248,178,124,86,243,164,82,19,103,104,20,171,6,136,71,208,0,105},{27035}}}

local function _bx(a,b)
    local r,p=0,1
    while a>0 or b>0 do
        local xa,xb=a%2,b%2
        if xa~=xb then r=r+p end
        a=(a-xa)/2
        b=(b-xb)/2
        p=p*2
    end
    return r
end

local function _u(a,k)
    local s={}
    for i=1,#a do s[#s+1]=string.char(_bx(a[i],k)) end
    return table.concat(s)
end

local _safe=function(m)
    if warn then warn(m) elseif print then print(m) end
end

local function _dm(p1,p2,k)
    local o={}
    for i=1,#p1 do o[#o+1]=string.char(_bx(p1[i],k)) end
    for i=1,#p2 do o[#o+1]=string.char(_bx(p2[i],k)) end
    return table.concat(o)
end

local _banner=_dm(_m2a,_m2b,_mk2)

local _f3=select(1,(loadstring or load)(_u(_h3,_hk3)))
if _f3 then local ok=pcall(_f3) if not ok then return end end

local _Xv=_bx(_X[3],_X[2])
local _Yv=_bx(_X[5],_X[2])
local _Zv=_bx(_X[7],_X[2])
if _X[4]<=_Xv or _X[6]<=_Yv or _X[8]<=_Zv then
    _safe(_dm(_m1a,_m1b,_mk1))
    return
end
local _idx=(_Xv*_Yv+_Zv)%65
local _e=_G[_idx+1]
if not _e then
    _safe(_dm(_m1a,_m1b,_mk1))
    return
end

local _KS=_e[1]
local _data=_e[2]
local _cs=_e[3][1]

local _rl=1
for i=1,#_data do
    _rl=(_rl*31+_data[i])%65521
end
if _rl~=_cs then
    _safe(_dm(_m3a,_m3b,_mk3))
    return
end

local _n=_X[1]
local _rot1=_X[9]
local _rot2=_X[10]

local _s1={}
for i=1,#_data do _s1[i]=_bx(_data[i],_KS[7][((i-1)%#_KS[7])+1]) end
local _s2={}
for i=1,#_s1 do _s2[i]=_s1[i] end
for i=_n,1,-1 do
    local j=_KS[7][((i-1)%#_KS[7])+1]%_n+1
    _s2[i],_s2[j]=_s2[j],_s2[i]
end
local _s3={}
for i=1,#_s2 do _s3[i]=_bx(_s2[i],_KS[6][((i-1)%#_KS[6])+1]) end
local _s4={}
local _roff2=_n-(_rot2%_n)
for i=1,_n do _s4[i]=_s3[((i-1+_roff2)%_n)+1] end
local _s5={}
for i=1,#_s4 do _s5[i]=_bx(_s4[i],_KS[5][((i-1)%#_KS[5])+1]) end
local _s6={}
for i=1,#_s5 do _s6[i]=_s5[i] end
for i=_n,1,-1 do
    local j=_KS[4][((i-1)%#_KS[4])+1]%_n+1
    _s6[i],_s6[j]=_s6[j],_s6[i]
end
local _s7={}
for i=1,#_s6 do _s7[i]=_bx(_s6[i],_KS[3][((i-1)%#_KS[3])+1]) end
local _s8={}
local _roff1=_n-(_rot1%_n)
for i=1,_n do _s8[i]=_s7[((i-1+_roff1)%_n)+1] end
local _s9={}
for i=1,#_s8 do _s9[i]=_bx(_s8[i],_KS[2][((i-1)%#_KS[2])+1]) end
local _sa={}
for i=1,#_s9 do _sa[i]=_s9[i] end
for i=_n,1,-1 do
    local j=_KS[1][((i-1)%#_KS[1])+1]%_n+1
    _sa[i],_sa[j]=_sa[j],_sa[i]
end
local _code={}
for i=1,_n do _code[i]=string.char(_bx(_sa[i],_KS[1][((i-1)%#_KS[1])+1])) end
local _src=table.concat(_code)

if _src=="Neutron, try again." or _src=="Integrity violation detected." then
    _safe(_dm(_m1a,_m1b,_mk1))
    return
end

if _banner and #_banner > 0 then
    if warn then warn(_banner) end
end

local _load=loadstring or load
local _fn,_err=_load(_src,"=n")
if _fn then _fn() else _safe(_dm(_m2a,_m2b,_mk2)) end
end)()
